window_id,start_ref_cls,start_test_cls,end_test_cls,mmd_stat,gamma,p_cls,perm_mean,perm_std,top_ks,top_psi,start_ref_q,start_test_q,end_test_q,mmd_stat_q,p_q,kernel_var,n_sub_total,n_sub_X,n_sub_Y,perm_time_s,total_time_s,error,C_cls,C_q,w_q_raw,w_q,w_cls,S_hybrid,S_hybrid_z,drift_flag
0,0,4000,5000,0.0587431360796892,0.0158164816399306,0.0099009900990099,-6.170795352478109e-07,0.0002798999094768,Time:0.9900:0.0e+00;V12:0.9475:0.0e+00;V14:0.8565:4.7e-322,Time:16.5786;V12:15.3438;V14:4.3728,0.0,4000.0,5000.0,0.0431909828684679,0.0196078431372549,0.0121661681049636,200.0,160.0,40.0,0.0083239078521728,0.4778625965118408,,0.9900990099009901,0.9803921568627451,0.4511379663456398,0.4511379663456398,0.5488620336543601,0.9857198799617002,2.8662748134364637,1
1,500,4500,5500,0.138930311330399,0.0141323289452532,0.0099009900990099,2.162978415591876e-05,0.000277575861371,Time:0.9898:0.0e+00;V12:0.8157:7.2e-322;V14:0.6770:2.1e-321,Time:16.5573;V12:11.8095;V13:3.2607,,,,,1.0,0.0133924840400295,,,,,,,0.9900990099009901,0.0,0.42748773424234865,0.42748773424234865,0.5725122657576514,0.5668438274828231,-0.4716423791780665,0
2,1000,5000,6000,0.1570387360755414,0.0130886347970581,0.0099009900990099,-2.572449343107852e-05,0.0002572154098397,Time:0.9900:0.0e+00;V12:0.7057:1.6e-321;V14:0.5587:3.2e-232,Time:16.5716;V12:7.3823;V14:1.7521,,,,,1.0,0.0133924840400295,,,,,,,0.9900990099009901,0.0,0.42748773424234865,0.42748773424234865,0.5725122657576514,0.5668438274828231,-0.4716423791780665,0
3,1500,5500,6500,0.1231168402821252,0.0138579992836523,0.0099009900990099,1.2400170799127252e-05,0.0002971412698041,Time:0.9900:0.0e+00;V12:0.5870:2.7e-258;V14:0.4405:1.2e-140,Time:16.5715;V12:6.4343;V14:1.0996,1500.0,5500.0,6500.0,0.006029061662102,0.1568627450980392,0.0123529830554541,200.0,160.0,40.0,0.0080068111419677,0.4530270099639892,,0.9900990099009901,0.8431372549019608,0.44736758291921336,0.44736758291921336,0.5526324170807866,0.9243530847855087,2.3772583622403345,1
4,2000,6000,7000,0.105035546096645,0.0143810826001353,0.0099009900990099,-8.432311818526994e-06,0.0002898236642768,Time:0.9900:0.0e+00;V12:0.4723:1.3e-162;V9:0.3508:5.0e-88,Time:16.5646;V12:5.6992;V14:0.6539,,,,,1.0,0.0133924840400295,,,,,,,0.9900990099009901,0.0,0.42748773424234865,0.42748773424234865,0.5725122657576514,0.5668438274828231,-0.4716423791780665,0
5,2500,6500,7500,0.0837787624103296,0.0139009913634366,0.0099009900990099,-1.1902663344152132e-05,0.0002606351752402,Time:0.9900:0.0e+00;V12:0.3460:1.3e-85;V9:0.3160:3.3e-71,Time:16.5715;V12:3.8813;V9:0.5291,,,,,1.0,0.0133924840400295,,,,,,,0.9900990099009901,0.0,0.42748773424234865,0.42748773424234865,0.5725122657576514,0.5668438274828231,-0.4716423791780665,0
6,3000,7000,8000,0.0798033032955722,0.0162828646423946,0.0099009900990099,8.259541241903978e-06,0.0002518720552178,Time:0.9900:0.0e+00;V26:0.3645:3.2e-95;V9:0.3137:3.5e-70,Time:16.5787;V12:1.0843;V26:0.7617,,,,,1.0,0.0133924840400295,,,,,,,0.9900990099009901,0.0,0.42748773424234865,0.42748773424234865,0.5725122657576514,0.5668438274828231,-0.4716423791780665,0
7,3500,7500,8500,0.0925194877445292,0.0208381030854773,0.0099009900990099,-1.158326677263677e-05,0.0002759816855729,Time:0.9900:0.0e+00;V26:0.5158:9.0e-196;V27:0.3407:5.5e-83,Time:16.5786;V26:1.4556;Amount:0.6191,3500.0,7500.0,8500.0,0.021745976675244,0.0196078431372549,0.0131925799327652,200.0,160.0,40.0,0.0079851150512695,0.447171688079834,,0.9900990099009901,0.9803921568627451,0.4311723848557865,0.4311723848557865,0.5688276151442135,0.9859136829270454,2.867819180191682,1
8,4000,8000,9000,0.0694734677078283,0.0179282253613206,0.0099009900990099,3.094463774252043e-05,0.0002883165504643,Time:0.9895:0.0e+00;V26:0.4390:1.2e-139;V27:0.2507:1.1e-44,Time:16.5788;V26:1.0004;V27:0.4024,,,,,1.0,0.0133924840400295,,,,,,,0.9900990099009901,0.0,0.42748773424234865,0.42748773424234865,0.5725122657576514,0.5668438274828231,-0.4716423791780665,0
9,4500,8500,9500,0.0151662641527412,0.0178827532164501,0.0099009900990099,2.4390322328657897e-05,0.0002626425437895,Time:0.9900:0.0e+00;V26:0.1258:1.8e-11;V15:0.0867:1.1e-05,Time:16.5715;V26:0.0691;V15:0.0669,,,,,1.0,0.0133924840400295,,,,,,,0.9900990099009901,0.0,0.42748773424234865,0.42748773424234865,0.5725122657576514,0.5668438274828231,-0.4716423791780665,0
10,5000,9000,10000,0.0192636528977097,0.0183098002248997,0.0099009900990099,-2.532664435598741e-05,0.0002757497896856,Time:0.9900:0.0e+00;V8:0.1650:1.8e-19;V15:0.1568:1.3e-17,Time:16.5786;V27:0.2320;V10:0.1508,,,,,1.0,0.0133924840400295,,,,,,,0.9900990099009901,0.0,0.42748773424234865,0.42748773424234865,0.5725122657576514,0.5668438274828231,-0.4716423791780665,0
11,5500,9500,10500,0.0126843380458276,0.017765198346725,0.0099009900990099,5.563139278419449e-07,0.0003187281546156,Time:0.9900:0.0e+00;V8:0.1895:1.4e-25;V6:0.1573:1.0e-17,Time:16.5786;V27:0.2014;V21:0.1778,5500.0,9500.0,10500.0,-0.0028971341993561,0.6666666666666666,0.0137193340299081,200.0,160.0,40.0,0.009981632232666,0.4473559856414795,,0.9900990099009901,0.33333333333333337,0.42159699711506393,0.42159699711506393,0.5784030028849361,0.7132085728518227,0.6947012135592343,1
12,6000,10000,11000,0.0081268835631893,0.0165420488760172,0.0099009900990099,-9.953352553786487e-06,0.0002711256938222,Time:0.9900:0.0e+00;V26:0.2915:1.8e-60;V27:0.1872:5.6e-25,Time:16.5786;V26:0.6038;V27:0.2994,,,,,1.0,0.0133924840400295,,,,,,,0.9900990099009901,0.0,0.42748773424234865,0.42748773424234865,0.5725122657576514,0.5668438274828231,-0.4716423791780665,0
13,6500,10500,11500,0.0299021381796251,0.01741668858408,0.0099009900990099,4.446635046124969e-05,0.000329120317284,Time:0.9900:0.0e+00;V26:0.3772:3.7e-102;V10:0.2442:2.2e-42,Time:16.5786;V26:0.9459;V10:0.5082,,,,,1.0,0.0133924840400295,,,,,,,0.9900990099009901,0.0,0.42748773424234865,0.42748773424234865,0.5725122657576514,0.5668438274828231,-0.4716423791780665,0
14,7000,11000,12000,0.0928675959709883,0.0169148871190711,0.0099009900990099,2.6843431040914916e-05,0.0003354675980004,Time:0.9898:0.0e+00;V26:0.4560:3.7e-151;V4:0.3065:6.2e-67,Time:16.5786;V26:1.1692;Amount:0.7771,,,,,1.0,0.0133924840400295,,,,,,,0.9900990099009901,0.0,0.42748773424234865,0.42748773424234865,0.5725122657576514,0.5668438274828231,-0.4716423791780665,0
15,7500,11500,12500,0.060606059440889,0.0162205574493434,0.0099009900990099,-9.530101833929993e-06,0.0002527833571159,Time:0.9885:0.0e+00;V26:0.3302:7.2e-78;V4:0.2442:2.2e-42,Time:16.5786;V26:0.7181;Amount:0.4776,7500.0,11500.0,12500.0,0.0009373527597606,0.5098039215686274,0.013451339382809,200.0,160.0,40.0,0.0080649852752685,0.472001314163208,,0.9900990099009901,0.4901960784313726,0.42641487709243947,0.42641487709243947,0.5735851229075606,0.776932962820223,1.202504740654215,1
16,8000,12000,13000,0.0432404578517273,0.0161275913200231,0.0099009900990099,-3.336722299792427e-05,0.0002555447463341,Time:0.9900:0.0e+00;V26:0.2180:8.9e-34;V10:0.2028:3.1e-29,Time:16.5573;V26:0.4410;V9:0.2909,,,,,1.0,0.0133924840400295,,,,,,,0.9900990099009901,0.0,0.42748773424234865,0.42748773424234865,0.5725122657576514,0.5668438274828231,-0.4716423791780665,0
17,8500,12500,13500,0.024756823822468,0.0171579841302541,0.0099009900990099,1.996470357902069e-05,0.000296915600077,Time:0.9898:0.0e+00;V26:0.1328:9.9e-13;Amount:0.1022:1.0e-07,Time:16.5786;V26:0.1402;Amount:0.0956,,,,,1.0,0.0133924840400295,,,,,,,0.9900990099009901,0.0,0.42748773424234865,0.42748773424234865,0.5725122657576514,0.5668438274828231,-0.4716423791780665,0
18,9000,13000,14000,0.0139726291695498,0.0177984508766134,0.0099009900990099,2.6073696760733344e-05,0.0002556876402423,Time:0.9900:0.0e+00;V21:0.1785:1.0e-22;V22:0.1570:1.2e-17,Time:16.5786;Amount:0.2783;V26:0.1856,9000.0,13000.0,14000.0,0.0070749842894191,0.1764705882352941,0.0128790065221282,200.0,160.0,40.0,0.0,0.452512264251709,,0.9900990099009901,0.8235294117647058,0.4370819157244036,0.4370819157244036,0.5629180842755964,0.9172944508461389,2.321009895795042,1
19,9500,13500,14500,0.0228849308670862,0.0185449967960158,0.0099009900990099,-1.4008065443249509e-05,0.0002548456670769,Time:0.9900:0.0e+00;V14:0.3073:2.9e-67;V12:0.2923:8.6e-61,Time:16.5715;Amount:0.6249;V9:0.5365,,,,,1.0,0.0133924840400295,,,,,,,0.9900990099009901,0.0,0.42748773424234865,0.42748773424234865,0.5725122657576514,0.5668438274828231,-0.4716423791780665,0
20,10000,14000,15000,0.0342051493522248,0.0206396738197006,0.0099009900990099,2.0960593601415668e-05,0.0002434478846554,Time:0.9900:0.0e+00;V12:0.7610:1.0e-321;V14:0.7010:1.7e-321,Time:16.5786;V12:2.6406;V14:2.5211,,,,,1.0,0.0133924840400295,,,,,,,0.9900990099009901,0.0,0.42748773424234865,0.42748773424234865,0.5725122657576514,0.5668438274828231,-0.4716423791780665,0
21,10500,14500,15500,0.2701019767974428,0.0163922217594748,0.0099009900990099,-7.128784682992606e-06,0.0003293503655212,Time:0.9900:0.0e+00;V12:0.8345:6.1e-322;V14:0.7565:1.1e-321,Time:16.5715;V12:8.4056;V13:5.0964,,,,,1.0,0.0133924840400295,,,,,,,0.9900990099009901,0.0,0.42748773424234865,0.42748773424234865,0.5725122657576514,0.5668438274828231,-0.4716423791780665,0
22,11000,15000,16000,0.1950050827466225,0.0163459919343263,0.0099009900990099,3.281648689178684e-05,0.000299076974919,Time:0.9900:0.0e+00;V12:0.7143:1.5e-321;V14:0.6418:4.6e-314,Time:16.5786;V12:8.2049;V13:4.3875,11000.0,15000.0,16000.0,0.0509071886157736,0.0196078431372549,0.0141639374201634,200.0,160.0,40.0,0.008754014968872,0.4685506820678711,,0.9900990099009901,0.9803921568627451,0.41383984020094927,0.41383984020094927,0.5861601597990507,0.9860819273907886,2.8691598777196674,1
23,11500,15500,16500,0.1342800533080728,0.0180212811644717,0.0099009900990099,1.6363160229484475e-05,0.0003155491486472,Time:0.9900:0.0e+00;V12:0.6080:7.7e-279;V14:0.5285:3.5e-206,Time:16.5715;V12:6.2339;V13:2.7497,,,,,1.0,0.0133924840400295,,,,,,,0.9900990099009901,0.0,0.42748773424234865,0.42748773424234865,0.5725122657576514,0.5668438274828231,-0.4716423791780665,0
24,12000,16000,17000,0.1038885979502184,0.0195885926173995,0.0099009900990099,-1.1389352695334588e-06,0.0002834556586587,Time:0.9895:0.0e+00;V12:0.4983:5.3e-182;V14:0.4258:4.6e-131,Time:16.5786;V13:2.4360;V12:1.9548,,,,,1.0,0.0133924840400295,,,,,,,0.9900990099009901,0.0,0.42748773424234865,0.42748773424234865,0.5725122657576514,0.5668438274828231,-0.4716423791780665,0
25,12500,16500,17500,0.0765975287548994,0.0188721950461447,0.0099009900990099,1.916376387491869e-06,0.0002538928116481,Time:0.9900:0.0e+00;V12:0.3775:2.7e-102;V14:0.3207:2.2e-73,Time:16.5786;V13:2.0412;V12:1.1278,,,,,1.0,0.0133924840400295,,,,,,,0.9900990099009901,0.0,0.42748773424234865,0.42748773424234865,0.5725122657576514,0.5668438274828231,-0.4716423791780665,0
26,13000,17000,18000,0.0535071717534427,0.0183529930177854,0.0099009900990099,1.6915673435176083e-05,0.0002884375542093,Time:0.9895:0.0e+00;V12:0.2630:3.7e-49;V9:0.2315:4.5e-38,Time:16.5786;V12:0.6855;V14:0.5925,13000.0,17000.0,18000.0,0.0100124250440322,0.0392156862745098,0.0142130245116777,200.0,160.0,40.0,0.0109984874725341,0.5155849456787109,,0.9900990099009901,0.9607843137254902,0.41300086223280774,0.41300086223280774,0.5869991377671923,0.9779920151044159,2.8046934152718324,1
27,13500,17500,18500,0.0349546392332689,0.01895662425979,0.0099009900990099,-7.084771978800975e-05,0.0002707345584571,Time:0.9900:0.0e+00;V12:0.1570:1.2e-17;V14:0.1370:1.6e-13,Time:16.5786;V12:0.3730;V14:0.2405,,,,,1.0,0.0133924840400295,,,,,,,0.9900990099009901,0.0,0.42748773424234865,0.42748773424234865,0.5725122657576514,0.5668438274828231,-0.4716423791780665,0
28,14000,18000,19000,0.0282494527471521,0.0184909672141155,0.0099009900990099,3.57770658973644e-05,0.0003135780918191,Time:0.9898:0.0e+00;V5:0.0690:9.5e-04;Amount:0.0670:1.5e-03,Time:16.5715;V12:0.0342;Amount:0.0332,,,,,1.0,0.0133924840400295,,,,,,,0.9900990099009901,0.0,0.42748773424234865,0.42748773424234865,0.5725122657576514,0.5668438274828231,-0.4716423791780665,0
29,14500,18500,19500,0.0111416950687044,0.0171020367293104,0.0099009900990099,8.80979338647947e-06,0.0002301646655337,Time:0.9898:0.0e+00;V4:0.0600:6.1e-03;V18:0.0595:6.8e-03,Time:16.5786;V18:0.0335;V28:0.0249,,,,,1.0,0.0133924840400295,,,,,,,0.9900990099009901,0.0,0.42748773424234865,0.42748773424234865,0.5725122657576514,0.5668438274828231,-0.4716423791780665,0
30,15000,19000,20000,0.0147182585267091,0.017066579123113,0.0099009900990099,-8.659601847005316e-06,0.0002879880979989,Time:0.9895:0.0e+00;V26:0.0813:5.0e-05;V13:0.0675:1.3e-03,Time:16.5786;V13:0.0388;V26:0.0367,15000.0,19000.0,20000.0,-0.0003326502642129,0.6078431372549019,0.0132322869471054,200.0,160.0,40.0,0.0090641975402832,0.4921441078186035,,0.9900990099009901,0.3921568627450981,0.430435454905377,0.430435454905377,0.569564545094623,0.7327235097828457,0.8502108043065707,1
31,15500,19500,20500,0.0141177068260796,0.0169931115775407,0.0099009900990099,-1.955293941586777e-06,0.0002858596693729,Time:0.9898:0.0e+00;V26:0.0800:6.9e-05;V16:0.0635:3.1e-03,Time:16.5786;V4:0.0376;V3:0.0346,,,,,1.0,0.0133924840400295,,,,,,,0.9900990099009901,0.0,0.42748773424234865,0.42748773424234865,0.5725122657576514,0.5668438274828231,-0.4716423791780665,0
32,16000,20000,21000,0.0096123832423764,0.0173946161172637,0.0099009900990099,7.556148815870411e-06,0.0002816268025602,Time:0.9898:0.0e+00;V16:0.0575:9.8e-03;V13:0.0527:2.3e-02,Time:16.5786;V4:0.0342;V3:0.0264,,,,,1.0,0.0133924840400295,,,,,,,0.9900990099009901,0.0,0.42748773424234865,0.42748773424234865,0.5725122657576514,0.5668438274828231,-0.4716423791780665,0
33,16500,20500,21500,0.0183026548077165,0.0172904203768165,0.0099009900990099,-2.0380531071146906e-05,0.0002846305631649,Time:0.9898:0.0e+00;V20:0.0573:1.0e-02;Amount:0.0542:1.8e-02,Time:16.5644;V9:0.0266;V16:0.0226,16500.0,20500.0,21500.0,0.0037499763901542,0.2156862745098039,0.0148709597281775,200.0,160.0,40.0,0.0099265575408935,0.464228868484497,,0.9900990099009901,0.7843137254901961,0.40207535655604176,0.40207535655604176,0.5979246434439582,0.9073578182975337,2.241827387211897,1
34,17000,21000,22000,0.0097290622321239,0.0169779653397888,0.0099009900990099,3.2294766145333223e-05,0.0003431579110654,Time:0.9900:0.0e+00;V16:0.0695:8.5e-04;V17:0.0638:2.9e-03,Time:16.5786;V16:0.0301;Amount:0.0232,,,,,1.0,0.0133924840400295,,,,,,,0.9900990099009901,0.0,0.42748773424234865,0.42748773424234865,0.5725122657576514,0.5668438274828231,-0.4716423791780665,0
35,17500,21500,22500,0.0064060783255703,0.0167285145286115,0.0099009900990099,5.925679539935392e-06,0.0002428768893802,Time:0.9900:0.0e+00;V17:0.0537:1.9e-02;V19:0.0478:5.1e-02,Time:16.5715;Amount:0.0392;V11:0.0263,,,,,1.0,0.0133924840400295,,,,,,,0.9900990099009901,0.0,0.42748773424234865,0.42748773424234865,0.5725122657576514,0.5668438274828231,-0.4716423791780665,0
36,18000,22000,23000,0.0048009021162374,0.0169276189639961,0.0099009900990099,1.0850405903868322e-05,0.000272690625848,Time:0.9898:0.0e+00;V15:0.0617:4.4e-03;V12:0.0535:2.0e-02,Time:16.5786;V15:0.0319;V24:0.0243,,,,,1.0,0.0133924840400295,,,,,,,0.9900990099009901,0.0,0.42748773424234865,0.42748773424234865,0.5725122657576514,0.5668438274828231,-0.4716423791780665,0
37,18500,22500,23500,0.0026372881365377,0.0174406882268993,0.0099009900990099,-1.6288262594732482e-05,0.0002819375659017,Time:0.9900:0.0e+00;V24:0.0580:9.0e-03;V2:0.0537:1.9e-02,Time:16.5715;V24:0.0377;V15:0.0279,18500.0,22500.0,23500.0,-0.002607032801378,0.6666666666666666,0.0155444034170982,200.0,160.0,40.0,0.0090088844299316,0.5492229461669922,,0.9900990099009901,0.33333333333333337,0.3914751829324385,0.3914751829324385,0.6085248170675615,0.7329915465229199,0.8523467212148091,1
38,19000,23000,24000,0.0018205511864968,0.0168630102715712,0.0099009900990099,-2.3198657857612657e-05,0.0002322252140437,Time:0.9895:0.0e+00;V21:0.0607:5.3e-03;V26:0.0568:1.1e-02,Time:16.5715;V22:0.0335;V24:0.0299,,,,,1.0,0.0133924840400295,,,,,,,0.9900990099009901,0.0,0.42748773424234865,0.42748773424234865,0.5725122657576514,0.5668438274828231,-0.4716423791780665,0
39,19500,23500,24500,0.0054095482654197,0.0170032166949291,0.0099009900990099,-1.670152047354323e-05,0.0002738790597084,Time:0.9895:0.0e+00;V25:0.0558:1.4e-02;V6:0.0548:1.6e-02,Time:16.5786;V2:0.0273;V22:0.0218,,,,,1.0,0.0133924840400295,,,,,,,0.9900990099009901,0.0,0.42748773424234865,0.42748773424234865,0.5725122657576514,0.5668438274828231,-0.4716423791780665,0
40,20000,24000,25000,0.0042229069019736,0.0168348639285144,0.0099009900990099,1.9420815924939826e-05,0.0002547710413574,Time:0.9895:0.0e+00;V6:0.0560:1.3e-02;V24:0.0525:2.4e-02,Time:16.5644;V22:0.0243;V24:0.0236,,,,,1.0,0.0133924840400295,,,,,,,0.9900990099009901,0.0,0.42748773424234865,0.42748773424234865,0.5725122657576514,0.5668438274828231,-0.4716423791780665,0
41,20500,24500,25500,0.0079692343698163,0.0170698936794226,0.0099009900990099,-5.6428701769806185e-06,0.0002823644922548,Time:0.9900:0.0e+00;V18:0.1710:7.0e-21;V26:0.1268:1.2e-11,Time:16.5715;V18:0.1973;V26:0.1166,20500.0,24500.0,25500.0,0.0005520702894805,0.3725490196078431,0.0157015504179437,200.0,160.0,40.0,0.0081636905670166,0.478795051574707,,0.9900990099009901,0.6274509803921569,0.38908158605207555,0.38908158605207555,0.6109184139479245,0.8489993394010333,1.7767834466698822,1
42,21000,25000,26000,0.0072176681554687,0.0165786810690791,0.0099009900990099,-1.5770764496692012e-05,0.0002619247085779,Time:0.9900:0.0e+00;V18:0.1502:3.4e-16;V9:0.1240:3.7e-11,Time:16.5573;V18:0.1631;Amount:0.0985,,,,,1.0,0.0133924840400295,,,,,,,0.9900990099009901,0.0,0.42748773424234865,0.42748773424234865,0.5725122657576514,0.5668438274828231,-0.4716423791780665,0
43,21500,25500,26500,0.0054356629624547,0.016310914332067,0.0099009900990099,-1.2175800059788245e-06,0.0003011639431113,Time:0.9892:0.0e+00;V17:0.0640:2.8e-03;V22:0.0602:5.9e-03,Time:16.5361;V26:0.0276;V18:0.0251,,,,,1.0,0.0133924840400295,,,,,,,0.9900990099009901,0.0,0.42748773424234865,0.42748773424234865,0.5725122657576514,0.5668438274828231,-0.4716423791780665,0
44,22000,26000,27000,0.0038067222845159,0.0158030592209492,0.0099009900990099,6.780942359504882e-05,0.0003178932432273,Time:0.9895:0.0e+00;V6:0.0638:2.9e-03;V3:0.0600:6.1e-03,Time:16.5786;V3:0.0370;V18:0.0302,,,,,1.0,0.0133924840400295,,,,,,,0.9900990099009901,0.0,0.42748773424234865,0.42748773424234865,0.5725122657576514,0.5668438274828231,-0.4716423791780665,0
45,22500,26500,27500,0.0033947829036187,0.0150033682647432,0.0099009900990099,-1.3200281084397856e-05,0.0002576788418022,Time:0.9900:0.0e+00;V11:0.0745:2.7e-04;V8:0.0575:9.8e-03,Time:16.5786;V18:0.0298;V9:0.0248,22500.0,26500.0,27500.0,0.0190374158339171,0.0196078431372549,0.0129263438323098,200.0,160.0,40.0,0.015834093093872,0.478712797164917,,0.9900990099009901,0.9803921568627451,0.43617944813646864,0.43617944813646864,0.5638205518635313,0.9858650800996265,2.867431876567397,1
46,23000,27000,28000,0.0015001822304308,0.0149602272323468,0.0099009900990099,3.223723220311614e-05,0.0002551029719584,Time:0.9900:0.0e+00;Amount:0.0595:6.8e-03;V26:0.0540:1.8e-02,Time:16.5786;V8:0.0280;V22:0.0241,,,,,1.0,0.0133924840400295,,,,,,,0.9900990099009901,0.0,0.42748773424234865,0.42748773424234865,0.5725122657576514,0.5668438274828231,-0.4716423791780665,0
47,23500,27500,28500,0.003581215017036,0.0146015935885029,0.0099009900990099,-4.4013783920875405e-05,0.0002233855166136,Time:0.9895:0.0e+00;V18:0.0617:4.4e-03;Amount:0.0575:9.8e-03,Time:16.5786;V8:0.0289;Amount:0.0249,,,,,1.0,0.0133924840400295,,,,,,,0.9900990099009901,0.0,0.42748773424234865,0.42748773424234865,0.5725122657576514,0.5668438274828231,-0.4716423791780665,0
48,24000,28000,29000,0.0113311050189501,0.0145626256549009,0.0099009900990099,1.4502955259205751e-05,0.0002176635635337,Time:0.9898:0.0e+00;V18:0.0583:8.6e-03;V10:0.0580:9.0e-03,Time:16.5715;V14:0.0332;V27:0.0269,24000.0,28000.0,29000.0,0.005406973865497,0.0980392156862745,0.0123619802876715,200.0,160.0,40.0,0.0079987049102783,0.5134344100952148,,0.9900990099009901,0.9019607843137255,0.4471875867838934,0.4471875867838934,0.5528124132161065,0.9506846894972067,2.5870882523860335,1
49,24500,28500,29500,0.012393278287526,0.0144543505224184,0.0099009900990099,-1.5333397768091395e-06,0.0002547021981732,Time:0.9895:0.0e+00;V27:0.0673:1.4e-03;V26:0.0483:4.7e-02,Time:16.5644;V27:0.0331;V2:0.0325,,,,,1.0,0.0133924840400295,,,,,,,0.9900990099009901,0.0,0.42748773424234865,0.42748773424234865,0.5725122657576514,0.5668438274828231,-0.4716423791780665,0
50,25000,29000,30000,0.0111543814698198,0.0143592045079026,0.0099009900990099,-5.86409633208218e-06,0.0002774140939139,Time:0.9890:0.0e+00;V10:0.0610:5.1e-03;V19:0.0595:6.8e-03,Time:16.5715;V19:0.0321;V20:0.0314,,,,,1.0,0.0133924840400295,,,,,,,0.9900990099009901,0.0,0.42748773424234865,0.42748773424234865,0.5725122657576514,0.5668438274828231,-0.4716423791780665,0
51,25500,29500,30500,0.0072875025641097,0.0152882796849628,0.0099009900990099,-7.242663470494737e-06,0.0002579363365654,Time:0.9892:0.0e+00;V10:0.0587:7.8e-03;V6:0.0457:6.9e-02,Time:16.5786;V19:0.0244;V24:0.0206,,,,,1.0,0.0133924840400295,,,,,,,0.9900990099009901,0.0,0.42748773424234865,0.42748773424234865,0.5725122657576514,0.5668438274828231,-0.4716423791780665,0
52,26000,30000,31000,0.0035607529423349,0.0146931581465404,0.0099009900990099,6.144751294070438e-06,0.0002740817240554,Time:0.9900:0.0e+00;V4:0.0515:2.8e-02;V18:0.0480:4.9e-02,Time:16.5715;Amount:0.0234;V18:0.0219,26000.0,30000.0,31000.0,-0.0061228661067406,0.9019607843137256,0.0136520726476227,200.0,160.0,40.0,0.0,0.4735665321350097,,0.9900990099009901,0.09803921568627438,0.4227959278478843,0.4227959278478843,0.5772040721521157,0.6129397615101866,-0.10431555352402504,1
53,26500,30500,31500,0.0046037380030372,0.0149851851425999,0.0099009900990099,1.817970437287597e-05,0.0002997619746654,Time:0.9900:0.0e+00;V27:0.0485:4.5e-02;V4:0.0447:8.0e-02,Time:16.5786;V6:0.0256;V17:0.0230,,,,,1.0,0.0133924840400295,,,,,,,0.9900990099009901,0.0,0.42748773424234865,0.42748773424234865,0.5725122657576514,0.5668438274828231,-0.4716423791780665,0
54,27000,31000,32000,0.0025268639425075,0.0149681344234485,0.0099009900990099,3.70175308138232e-05,0.0002668233144566,Time:0.9895:0.0e+00;V28:0.0455:7.2e-02;V13:0.0440:8.9e-02,Time:16.5786;V8:0.0195;V21:0.0193,,,,,1.0,0.0133924840400295,,,,,,,0.9900990099009901,0.0,0.42748773424234865,0.42748773424234865,0.5725122657576514,0.5668438274828231,-0.4716423791780665,0
55,27500,31500,32500,0.003145979228698,0.0152738426635422,0.0099009900990099,-5.351590566505804e-05,0.0002499063505778,Time:0.9892:0.0e+00;V9:0.0532:2.1e-02;V22:0.0527:2.3e-02,Time:16.5503;V8:0.0264;V2:0.0233,,,,,1.0,0.0133924840400295,,,,,,,0.9900990099009901,0.0,0.42748773424234865,0.42748773424234865,0.5725122657576514,0.5668438274828231,-0.4716423791780665,0
56,28000,32000,33000,0.0068041197897235,0.0158677407460783,0.0099009900990099,-4.002325358492209e-05,0.0002665194938736,Time:0.9895:0.0e+00;V22:0.0460:6.6e-02;V5:0.0447:8.0e-02,Time:16.5644;V22:0.0230;V19:0.0202,28000.0,32000.0,33000.0,-0.0001284402183109,0.4901960784313725,0.0139283983707064,200.0,160.0,40.0,0.0,0.5182116031646729,,0.9900990099009901,0.5098039215686275,0.4179134702481499,0.4179134702481499,0.58208652975185,0.7893772227928707,1.301669897187389,1
57,28500,32500,33500,0.0033780448580773,0.0159913718685047,0.0099009900990099,-3.347632884444174e-05,0.0002189709424543,Time:0.9900:0.0e+00;V10:0.0548:1.6e-02;V12:0.0490:4.2e-02,Time:16.5573;V4:0.0281;V3:0.0239,,,,,1.0,0.0133924840400295,,,,,,,0.9900990099009901,0.0,0.42748773424234865,0.42748773424234865,0.5725122657576514,0.5668438274828231,-0.4716423791780665,0
58,29000,33000,34000,0.0042829242048978,0.0162812685318734,0.0099009900990099,-1.3792260137350798e-05,0.0002456405863424,Time:0.9898:0.0e+00;V5:0.0573:1.0e-02;V4:0.0532:2.1e-02,Time:16.5715;V4:0.0443;V25:0.0250,,,,,1.0,0.0133924840400295,,,,,,,0.9900990099009901,0.0,0.42748773424234865,0.42748773424234865,0.5725122657576514,0.5668438274828231,-0.4716423791780665,0
59,29500,33500,34500,0.0036021911182297,0.0160942971263582,0.0099009900990099,3.735174775265637e-06,0.0002754459780005,Time:0.9898:0.0e+00;V18:0.0493:4.0e-02;V2:0.0450:7.7e-02,Time:16.5573;V19:0.0208;V22:0.0196,,,,,1.0,0.0133924840400295,,,,,,,0.9900990099009901,0.0,0.42748773424234865,0.42748773424234865,0.5725122657576514,0.5668438274828231,-0.4716423791780665,0
60,30000,34000,35000,0.0033435854783363,0.0156350375799333,0.0099009900990099,-1.1094240000413258e-05,0.0002096973466357,Time:0.9898:0.0e+00;V4:0.0568:1.1e-02;V2:0.0500:3.6e-02,Time:16.5786;V4:0.0283;V17:0.0270,30000.0,34000.0,35000.0,0.0014102545995461,0.4509803921568627,0.0124662042266338,200.0,160.0,40.0,0.0080065727233886,0.5176022052764893,,0.9900990099009901,0.5490196078431373,0.44511301952378035,0.44511301952378035,0.5548869804762196,0.7937688254012757,1.33666546631333,1
61,30500,34500,35500,0.0089170323486362,0.0161465798840133,0.0099009900990099,4.677507172461403e-06,0.0002460881001026,Time:0.9900:0.0e+00;V17:0.0455:7.2e-02;V28:0.0435:9.5e-02,Time:16.5503;V7:0.0330;V21:0.0267,,,,,1.0,0.0133924840400295,,,,,,,0.9900990099009901,0.0,0.42748773424234865,0.42748773424234865,0.5725122657576514,0.5668438274828231,-0.4716423791780665,0
62,31000,35000,36000,0.0039523897929554,0.0158094583886535,0.0099009900990099,-1.3845373387837422e-05,0.0002497767737594,Time:0.9892:0.0e+00;V14:0.0520:2.6e-02;V17:0.0423:1.1e-01,Time:16.5644;V17:0.0310;V23:0.0225,,,,,1.0,0.0133924840400295,,,,,,,0.9900990099009901,0.0,0.42748773424234865,0.42748773424234865,0.5725122657576514,0.5668438274828231,-0.4716423791780665,0
63,31500,35500,36500,0.0067061337350124,0.0153816314430231,0.0099009900990099,-2.2150442108088697e-05,0.0002384621390882,Time:0.9900:0.0e+00;V11:0.0478:5.1e-02;V17:0.0447:8.0e-02,Time:16.5715;V17:0.0282;V6:0.0237,31500.0,35500.0,36500.0,0.002901831455962,0.2549019607843137,0.0113237921100799,200.0,160.0,40.0,0.008007526397705,0.5274245738983154,,0.9900990099009901,0.7450980392156863,0.46895973984870987,0.46895973984870987,0.5310402601512901,0.8752034184257287,1.9855971169084574,1
64,32000,36000,37000,0.002556797702391,0.0155476144307132,0.0099009900990099,-1.436812300112944e-05,0.0002452028055438,Time:0.9898:0.0e+00;V19:0.0488:4.4e-02;V6:0.0462:6.4e-02,Time:16.5786;V6:0.0230;V21:0.0208,,,,,1.0,0.0133924840400295,,,,,,,0.9900990099009901,0.0,0.42748773424234865,0.42748773424234865,0.5725122657576514,0.5668438274828231,-0.4716423791780665,0
65,32500,36500,37500,0.0012731557084182,0.0154755373884702,0.0099009900990099,4.927254486237764e-06,0.0002560904044813,Time:0.9900:0.0e+00;V2:0.0508:3.2e-02;V4:0.0465:6.2e-02,Time:16.5715;V14:0.0301;V26:0.0238,,,,,1.0,0.0133924840400295,,,,,,,0.9900990099009901,0.0,0.42748773424234865,0.42748773424234865,0.5725122657576514,0.5668438274828231,-0.4716423791780665,0
66,33000,37000,38000,0.0031123746040204,0.015468732960094,0.0099009900990099,-5.188714327091226e-06,0.0002033261928731,Time:0.9895:0.0e+00;V22:0.0573:1.0e-02;V15:0.0550:1.5e-02,Time:16.5644;V22:0.0321;V26:0.0284,,,,,1.0,0.0133924840400295,,,,,,,0.9900990099009901,0.0,0.42748773424234865,0.42748773424234865,0.5725122657576514,0.5668438274828231,-0.4716423791780665,0
67,33500,37500,38500,0.0007373480677945,0.0151951035075417,0.0099009900990099,-1.490428266373911e-05,0.0002431440424427,Time:0.9900:0.0e+00;V22:0.0628:3.6e-03;V2:0.0617:4.4e-03,Time:16.5644;V2:0.0268;V22:0.0214,33500.0,37500.0,38500.0,-0.0033011072378202,0.7450980392156863,0.0122306445972075,200.0,160.0,40.0,0.0082859992980957,0.4844861030578613,,0.9900990099009901,0.2549019607843137,0.4498295115476012,0.4498295115476012,0.5501704884523988,0.6593856804055978,0.2658002129188201,1
68,34000,38000,39000,0.0125194379904221,0.0151269091930473,0.0099009900990099,1.3524357484870908e-05,0.0002441525940166,Time:0.9892:0.0e+00;V26:0.0553:1.5e-02;V24:0.0490:4.2e-02,Time:16.5786;V5:0.0296;V24:0.0224,,,,,1.0,0.0133924840400295,,,,,,,0.9900990099009901,0.0,0.42748773424234865,0.42748773424234865,0.5725122657576514,0.5668438274828231,-0.4716423791780665,0
69,34500,38500,39500,0.0067158264559641,0.0153907853238281,0.0099009900990099,5.439724245610566e-06,0.0002667834079486,Time:0.9898:0.0e+00;V14:0.0517:2.7e-02;V13:0.0512:2.9e-02,Time:16.5644;V13:0.0297;V5:0.0241,,,,,1.0,0.0133924840400295,,,,,,,0.9900990099009901,0.0,0.42748773424234865,0.42748773424234865,0.5725122657576514,0.5668438274828231,-0.4716423791780665,0
70,35000,39000,40000,0.0046693059797664,0.0157385218838909,0.0099009900990099,-3.516935581974634e-05,0.0002352915608399,Time:0.9900:0.0e+00;V23:0.0602:5.9e-03;V13:0.0600:6.1e-03,Time:16.5715;Amount:0.0358;V25:0.0356,,,,,1.0,0.0133924840400295,,,,,,,0.9900990099009901,0.0,0.42748773424234865,0.42748773424234865,0.5725122657576514,0.5668438274828231,-0.4716423791780665,0
71,35500,39500,40500,0.0018619654796818,0.015833831694482,0.0099009900990099,1.0353639873001977e-05,0.0002864392418488,Time:0.9895:0.0e+00;V11:0.0587:7.8e-03;V23:0.0583:8.6e-03,Time:16.5573;V23:0.0253;V25:0.0246,35500.0,39500.0,40500.0,-0.0013093824246903,0.7058823529411765,0.0129882999467721,200.0,160.0,40.0,0.0090513229370117,0.4668245315551758,,0.9900990099009901,0.2941176470588235,0.4350038943166455,0.4350038943166455,0.5649961056833546,0.6873444066928414,0.48859622287334087,1
72,36000,40000,41000,0.0053968112688931,0.015934237490208,0.0099009900990099,-7.017954244973756e-05,0.0002226771477874,Time:0.9892:0.0e+00;V12:0.0537:1.9e-02;V2:0.0525:2.4e-02,Time:16.4798;V20:0.0364;V23:0.0230,,,,,1.0,0.0133924840400295,,,,,,,0.9900990099009901,0.0,0.42748773424234865,0.42748773424234865,0.5725122657576514,0.5668438274828231,-0.4716423791780665,0
73,36500,40500,41500,0.0051350461668091,0.0159481886817772,0.0099009900990099,-3.4643645222809385e-06,0.0002401637158516,Time:0.9900:0.0e+00;V26:0.0558:1.4e-02;V16:0.0548:1.6e-02,Time:16.5715;V20:0.0359;V27:0.0262,,,,,1.0,0.0133924840400295,,,,,,,0.9900990099009901,0.0,0.42748773424234865,0.42748773424234865,0.5725122657576514,0.5668438274828231,-0.4716423791780665,0
74,37000,41000,42000,0.0010932890432604,0.0163837196466175,0.0198019801980198,-2.015281637753663e-05,0.0002984759594054,Time:0.9892:0.0e+00;V18:0.0805:6.0e-05;V26:0.0597:6.4e-03,Time:16.5644;V18:0.0345;V16:0.0306,,,,,1.0,0.0133924840400295,,,,,,,0.9801980198019802,0.0,0.42748773424234865,0.42748773424234865,0.5725122657576514,0.5611753892079949,-0.5168127284039332,0
75,37500,41500,42500,0.0018056647024731,0.0175070675767642,0.0099009900990099,-1.320584002078018e-05,0.000266931873467,Time:0.9890:0.0e+00;V24:0.0628:3.6e-03;Amount:0.0503:3.4e-02,Time:16.5432;V9:0.0287;V2:0.0250,37500.0,41500.0,42500.0,-0.0051333685491091,0.7843137254901961,0.0143172497230422,200.0,160.0,40.0,0.0095012187957763,0.4805696010589599,,0.9900990099009901,0.21568627450980393,0.41123071541734046,0.41123071541734046,0.5887692845826595,0.671636706697773,0.36342553918376924,1
76,38000,42000,43000,0.0072830715322378,0.016594454566536,0.0099009900990099,1.924055460136298e-06,0.0002822452832228,Time:0.9898:0.0e+00;V24:0.0592:7.1e-03;V2:0.0522:2.5e-02,Time:16.5787;V24:0.0275;V21:0.0232,,,,,1.0,0.0133924840400295,,,,,,,0.9900990099009901,0.0,0.42748773424234865,0.42748773424234865,0.5725122657576514,0.5668438274828231,-0.4716423791780665,0
77,38500,42500,43500,0.0059763238269812,0.0161972427840798,0.0099009900990099,1.2285317479301397e-05,0.0002666558549471,Time:0.9898:0.0e+00;V10:0.0573:1.0e-02;V16:0.0527:2.3e-02,Time:16.5573;V3:0.0275;V2:0.0219,,,,,1.0,0.0133924840400295,,,,,,,0.9900990099009901,0.0,0.42748773424234865,0.42748773424234865,0.5725122657576514,0.5668438274828231,-0.4716423791780665,0
78,39000,43000,44000,0.0046183202352603,0.0175677514637899,0.0099009900990099,-2.815669110302288e-05,0.0002442525554315,Time:0.9900:0.0e+00;V6:0.0693:9.0e-04;V23:0.0597:6.4e-03,Time:16.5503;V18:0.0216;V16:0.0205,39000.0,43000.0,44000.0,-0.0040091735693345,0.7058823529411765,0.0121790576628679,200.0,160.0,40.0,0.0076870918273925,0.4537529945373535,,0.9900990099009901,0.2941176470588235,0.45087578347799195,0.45087578347799195,0.549124216522008,0.6762978676434477,0.40056915044069485,1
79,39500,43500,44500,0.0137039727064975,0.0182406414430273,0.0099009900990099,-5.536792300147031e-06,0.0002411072186269,Time:0.9898:0.0e+00;V27:0.0615:4.6e-03;V9:0.0605:5.6e-03,Time:16.5786;V26:0.0229;V9:0.0207,,,,,1.0,0.0133924840400295,,,,,,,0.9900990099009901,0.0,0.42748773424234865,0.42748773424234865,0.5725122657576514,0.5668438274828231,-0.4716423791780665,0
80,40000,44000,45000,0.0095797781623552,0.018596830350234,0.0099009900990099,-2.7001165736293407e-05,0.0002512857712056,Time:0.9900:0.0e+00;V10:0.0512:2.9e-02;V24:0.0505:3.3e-02,Time:16.5432;V15:0.0296;V13:0.0282,,,,,1.0,0.0133924840400295,,,,,,,0.9900990099009901,0.0,0.42748773424234865,0.42748773424234865,0.5725122657576514,0.5668438274828231,-0.4716423791780665,0
81,40500,44500,45500,0.0119246940896864,0.0194554226479853,0.0099009900990099,2.335152396002904e-05,0.0002876832110751,Time:0.9900:0.0e+00;V15:0.0688:1.0e-03;Amount:0.0565:1.2e-02,Time:16.5715;V24:0.0258;V20:0.0257,,,,,1.0,0.0133924840400295,,,,,,,0.9900990099009901,0.0,0.42748773424234865,0.42748773424234865,0.5725122657576514,0.5668438274828231,-0.4716423791780665,0
82,41000,45000,46000,0.0173460686277477,0.0186121347072081,0.0099009900990099,2.457659508170451e-07,0.0002514097955969,Time:0.9890:0.0e+00;Amount:0.0665:1.6e-03;V19:0.0560:1.3e-02,Time:16.5715;Amount:0.0328;V12:0.0316,41000.0,45000.0,46000.0,-0.0086017218034535,0.9607843137254902,0.0141601690717404,200.0,160.0,40.0,0.0094740390777587,0.4745583534240722,,0.9900990099009901,0.039215686274509776,0.4139043882885268,0.4139043882885268,0.5860956117114732,0.5965242295016104,-0.2351267712889833,0
83,41500,45500,46500,0.0196635097652504,0.0185333641718658,0.0099009900990099,-8.572118664880168e-06,0.0002557337993545,Time:0.9895:0.0e+00;V12:0.0542:1.8e-02;V18:0.0542:1.8e-02,Time:16.5786;V12:0.0265;V18:0.0237,,,,,1.0,0.0133924840400295,,,,,,,0.9900990099009901,0.0,0.42748773424234865,0.42748773424234865,0.5725122657576514,0.5668438274828231,-0.4716423791780665,0
84,42000,46000,47000,0.0173124539476059,0.0182711218559964,0.0099009900990099,2.541450147305113e-05,0.0002625114225225,Time:0.9900:0.0e+00;V6:0.0625:3.8e-03;V8:0.0590:7.4e-03,Time:16.5715;V24:0.0345;V27:0.0243,,,,,1.0,0.0133924840400295,,,,,,,0.9900990099009901,0.0,0.42748773424234865,0.42748773424234865,0.5725122657576514,0.5668438274828231,-0.4716423791780665,0
85,42500,46500,47500,0.0156825136527054,0.0178833986973609,0.0099009900990099,2.1977489339408686e-06,0.000276488604847,Time:0.9898:0.0e+00;V6:0.0635:3.1e-03;V24:0.0592:7.1e-03,Time:16.5432;V14:0.0238;V6:0.0232,,,,,1.0,0.0133924840400295,,,,,,,0.9900990099009901,0.0,0.42748773424234865,0.42748773424234865,0.5725122657576514,0.5668438274828231,-0.4716423791780665,0
86,43000,47000,48000,0.0070047901785024,0.0167262389328354,0.0099009900990099,1.7842967204388936e-05,0.0002669865994814,Time:0.9890:0.0e+00;V6:0.0440:8.9e-02;V5:0.0425:1.1e-01,Time:16.5573;V6:0.0224;V5:0.0216,43000.0,47000.0,48000.0,0.0003215595505708,0.5294117647058824,0.0137550498078917,200.0,160.0,40.0,0.0093443393707275,0.4908332824707031,,0.9900990099009901,0.47058823529411764,0.42096312495446436,0.42096312495446436,0.5790368750455357,0.7714041307749667,1.1584468781201196,1
87,43500,47500,48500,0.0035723996868526,0.0162091047762249,0.0099009900990099,2.569399419095397e-05,0.0002827768993641,Time:0.9898:0.0e+00;V10:0.0745:2.7e-04;V14:0.0590:7.4e-03,Time:16.5644;V13:0.0323;V9:0.0300,,,,,1.0,0.0133924840400295,,,,,,,0.9900990099009901,0.0,0.42748773424234865,0.42748773424234865,0.5725122657576514,0.5668438274828231,-0.4716423791780665,0
88,44000,48000,49000,0.005372691877103,0.0160296616462639,0.0099009900990099,-2.4653784519155232e-05,0.0002467884691783,Time:0.9895:0.0e+00;V10:0.0830:3.1e-05;V14:0.0777:1.2e-04,Time:16.5645;V9:0.0552;V5:0.0447,,,,,1.0,0.0133924840400295,,,,,,,0.9900990099009901,0.0,0.42748773424234865,0.42748773424234865,0.5725122657576514,0.5668438274828231,-0.4716423791780665,0
89,44500,48500,49500,0.0055074562878567,0.0156701254244286,0.0099009900990099,-3.2382952726810464e-05,0.0002495013699958,Time:0.9892:0.0e+00;V12:0.0780:1.1e-04;V27:0.0700:7.6e-04,Time:16.5644;V9:0.0463;V10:0.0434,,,,,1.0,0.0133924840400295,,,,,,,0.9900990099009901,0.0,0.42748773424234865,0.42748773424234865,0.5725122657576514,0.5668438274828231,-0.4716423791780665,0
90,45000,49000,50000,0.0056537711106137,0.0165334962893011,0.0099009900990099,-2.6856645184780703e-06,0.0002343357353982,Time:0.9895:0.0e+00;Amount:0.0780:1.1e-04;V5:0.0703:7.2e-04,Time:16.5573;V9:0.0324;V7:0.0288,45000.0,49000.0,50000.0,0.0001065725226198,0.5882352941176471,0.0142440713437103,200.0,160.0,40.0,0.007007360458374,0.4769957065582275,,0.9900990099009901,0.4117647058823529,0.41247197547048353,0.41247197547048353,0.5875280245295165,0.7515523170400756,1.000252801428147,1
91,45500,49500,50500,0.0050957881257316,0.0163346302799168,0.0099009900990099,2.5133616203558697e-05,0.0002672443953926,Time:0.9900:0.0e+00;Amount:0.0602:5.9e-03;V13:0.0542:1.8e-02,Time:16.5644;V1:0.0375;V9:0.0304,,,,,1.0,0.0133924840400295,,,,,,,0.9900990099009901,0.0,0.42748773424234865,0.42748773424234865,0.5725122657576514,0.5668438274828231,-0.4716423791780665,0
92,46000,50000,51000,0.0051476514631914,0.0163839218650964,0.0099009900990099,-1.863376374535042e-05,0.0002883091252779,Time:0.9900:0.0e+00;V27:0.0658:1.9e-03;V10:0.0578:9.4e-03,Time:16.5715;V6:0.0305;V17:0.0266,,,,,1.0,0.0133924840400295,,,,,,,0.9900990099009901,0.0,0.42748773424234865,0.42748773424234865,0.5725122657576514,0.5668438274828231,-0.4716423791780665,0
93,46500,50500,51500,0.0052408833313755,0.016323732658931,0.0099009900990099,-1.9157701978831376e-05,0.000285595278354,Time:0.9898:0.0e+00;V10:0.0963:6.9e-07;V12:0.0752:2.2e-04,Time:16.5503;V10:0.0428;V12:0.0255,46500.0,50500.0,51500.0,0.002198153667916,0.2352941176470588,0.0147486558064945,200.0,160.0,40.0,0.0086214542388916,0.4876775741577148,,0.9900990099009901,0.7647058823529412,0.40406234903358895,0.40406234903358895,0.595937650966411,0.8990261333278982,2.1754342994738556,1
94,47000,51000,52000,0.0072296359984289,0.0165981199585841,0.0099009900990099,2.335844925061448e-05,0.0002500698687455,Time:0.9900:0.0e+00;V10:0.0670:1.5e-03;V12:0.0650:2.3e-03,Time:16.5786;V26:0.0337;V10:0.0255,,,,,1.0,0.0133924840400295,,,,,,,0.9900990099009901,0.0,0.42748773424234865,0.42748773424234865,0.5725122657576514,0.5668438274828231,-0.4716423791780665,0
95,47500,51500,52500,0.0031152410055099,0.0159635525266803,0.0099009900990099,3.012846731536678e-05,0.0002816582369595,Time:0.9892:0.0e+00;V2:0.0910:3.3e-06;Amount:0.0808:5.6e-05,Time:16.5503;V9:0.0478;V17:0.0317,,,,,1.0,0.0133924840400295,,,,,,,0.9900990099009901,0.0,0.42748773424234865,0.42748773424234865,0.5725122657576514,0.5668438274828231,-0.4716423791780665,0
96,48000,52000,53000,0.0135492342915606,0.0160236594434685,0.0099009900990099,1.10033955403388e-05,0.0002656412794914,Time:0.9895:0.0e+00;V2:0.0927:2.0e-06;V7:0.0785:1.0e-04,Time:16.5644;V9:0.0672;V10:0.0395,,,,,1.0,0.0133924840400295,,,,,,,0.9900990099009901,0.0,0.42748773424234865,0.42748773424234865,0.5725122657576514,0.5668438274828231,-0.4716423791780665,0
97,48500,52500,53500,0.0139849693562654,0.0159359023987664,0.0099009900990099,1.610998899207905e-05,0.000323825956451,Time:0.9900:0.0e+00;V6:0.0737:3.2e-04;V8:0.0690:9.5e-04,Time:16.5644;V8:0.0329;V4:0.0324,48500.0,52500.0,53500.0,-0.0050230175445743,0.8235294117647058,0.0147311597456442,200.0,160.0,40.0,0.0112254619598388,0.4908750057220459,,0.9900990099009901,0.17647058823529416,0.4043482029732517,0.4043482029732517,0.5956517970267483,0.6611098197125028,0.2795394424616003,1
98,49000,53000,54000,0.0063736124907596,0.0157717350971187,0.0099009900990099,-7.459772839160106e-06,0.0002665416453169,Time:0.9892:0.0e+00;Amount:0.0740:3.0e-04;V16:0.0602:5.9e-03,Time:16.5715;V19:0.0329;V5:0.0313,,,,,1.0,0.0133924840400295,,,,,,,0.9900990099009901,0.0,0.42748773424234865,0.42748773424234865,0.5725122657576514,0.5668438274828231,-0.4716423791780665,0
99,49500,53500,54500,0.0073114710685751,0.0161194061443207,0.0099009900990099,-3.3414642440243726e-05,0.0002633244117975,Time:0.9900:0.0e+00;Amount:0.0550:1.5e-02;V8:0.0462:6.4e-02,Time:16.5715;Amount:0.0393;V26:0.0195,,,,,1.0,0.0133924840400295,,,,,,,0.9900990099009901,0.0,0.42748773424234865,0.42748773424234865,0.5725122657576514,0.5668438274828231,-0.4716423791780665,0
100,50000,54000,55000,0.0071088076504046,0.0163223144853564,0.0099009900990099,-5.120032190324864e-05,0.000221119519253,Time:0.9898:0.0e+00;V14:0.0517:2.7e-02;V8:0.0490:4.2e-02,Time:16.5715;V7:0.0295;V5:0.0242,,,,,1.0,0.0133924840400295,,,,,,,0.9900990099009901,0.0,0.42748773424234865,0.42748773424234865,0.5725122657576514,0.5668438274828231,-0.4716423791780665,0
101,50500,54500,55500,0.0053165191594424,0.0157820939605777,0.0099009900990099,-2.2651477431281376e-05,0.0002649260865009,Time:0.9898:0.0e+00;V14:0.0452:7.4e-02;V13:0.0437:9.2e-02,Time:16.5644;V7:0.0228;V8:0.0219,50500.0,54500.0,55500.0,-0.001279372625241,0.6470588235294118,0.0118364301247695,200.0,160.0,40.0,0.0088593959808349,0.4696137905120849,,0.9900990099009901,0.3529411764705882,0.45795031254668545,0.45795031254668545,0.5420496874533145,0.6983123809399685,0.5759972322912408,1
102,51000,55000,56000,0.0015888443660112,0.0152187811164886,0.0099009900990099,2.862142774944232e-05,0.0002514961087428,Time:0.9898:0.0e+00;V2:0.0633:3.2e-03;V12:0.0630:3.4e-03,Time:16.5786;V12:0.0332;V18:0.0311,,,,,1.0,0.0133924840400295,,,,,,,0.9900990099009901,0.0,0.42748773424234865,0.42748773424234865,0.5725122657576514,0.5668438274828231,-0.4716423791780665,0
103,51500,55500,56500,0.0041379526001787,0.0149170125127475,0.0099009900990099,2.250286590788741e-05,0.000223782396532,Time:0.9900:0.0e+00;V2:0.1010:1.5e-07;V15:0.0943:1.3e-06,Time:16.5715;V2:0.0574;V18:0.0559,,,,,1.0,0.0133924840400295,,,,,,,0.9900990099009901,0.0,0.42748773424234865,0.42748773424234865,0.5725122657576514,0.5668438274828231,-0.4716423791780665,0
104,52000,56000,57000,0.0079867129711168,0.0150061030636488,0.0099009900990099,3.51825516409221e-05,0.0003032570834172,Time:0.9898:0.0e+00;V2:0.0745:2.7e-04;V1:0.0678:1.3e-03,Time:16.5786;V2:0.0570;V13:0.0287,,,,,1.0,0.0133924840400295,,,,,,,0.9900990099009901,0.0,0.42748773424234865,0.42748773424234865,0.5725122657576514,0.5668438274828231,-0.4716423791780665,0
105,52500,56500,57500,0.0044315847526363,0.0151360680085659,0.0099009900990099,-2.6961196154320354e-05,0.0002094282960493,Time:0.9900:0.0e+00;V3:0.0535:2.0e-02;V23:0.0495:3.9e-02,Time:16.5715;V23:0.0313;V19:0.0301,52500.0,56500.0,57500.0,-0.0101813832347785,1.0,0.0137575754928449,200.0,160.0,40.0,0.0112957954406738,0.4775574207305908,,0.9900990099009901,0.0,0.42091837206161026,0.42091837206161026,0.5790816279383897,0.5733481464736532,-0.41981110819167944,0
106,53000,57000,58000,0.0036035924194255,0.0152516912757513,0.0099009900990099,-1.007703858620479e-05,0.000260251834661,Time:0.9898:0.0e+00;V4:0.0602:5.9e-03;V2:0.0600:6.1e-03,Time:16.5786;V27:0.0249;V20:0.0226,,,,,1.0,0.0133924840400295,,,,,,,0.9900990099009901,0.0,0.42748773424234865,0.42748773424234865,0.5725122657576514,0.5668438274828231,-0.4716423791780665,0
107,53500,57500,58500,0.0036921119449007,0.0148088874216706,0.0099009900990099,-2.5824512676388967e-05,0.0002262661886438,Time:0.9898:0.0e+00;V22:0.0522:2.5e-02;V27:0.0503:3.4e-02,Time:16.5786;V10:0.0310;V20:0.0285,,,,,1.0,0.0133924840400295,,,,,,,0.9900990099009901,0.0,0.42748773424234865,0.42748773424234865,0.5725122657576514,0.5668438274828231,-0.4716423791780665,0
108,54000,58000,59000,0.0044978044201595,0.0148403604409335,0.0099009900990099,2.3437003833670646e-06,0.0002514393625328,Time:0.9898:0.0e+00;Amount:0.0638:2.9e-03;V22:0.0580:9.0e-03,Time:16.5715;Amount:0.0325;V26:0.0250,54000.0,58000.0,59000.0,-0.0003763043218666,0.6274509803921569,0.0120167701473424,200.0,160.0,40.0,0.0091769695281982,0.453256607055664,,0.9900990099009901,0.37254901960784315,0.4541992278441841,0.4541992278441841,0.5458007721558159,0.7096082811546593,0.6660114007058368,1
109,54500,58500,59500,0.0005928893801572,0.0154730610204423,0.0297029702970297,-1.6281246491078873e-05,0.0002616911230391,Time:0.9900:0.0e+00;Amount:0.0742:2.8e-04;V21:0.0645:2.5e-03,Time:16.5644;V22:0.0381;V26:0.0355,,,,,1.0,0.0133924840400295,,,,,,,0.9702970297029703,0.0,0.42748773424234865,0.42748773424234865,0.5725122657576514,0.5555069509331666,-0.5619830776298008,0
110,55000,59000,60000,0.0024970587553247,0.0153455232398003,0.0099009900990099,-1.940247899061553e-05,0.0002321433019553,Time:0.9898:0.0e+00;V13:0.0745:2.7e-04;V10:0.0530:2.2e-02,Time:16.5786;V13:0.0326;V27:0.0257,,,,,1.0,0.0133924840400295,,,,,,,0.9900990099009901,0.0,0.42748773424234865,0.42748773424234865,0.5725122657576514,0.5668438274828231,-0.4716423791780665,0
111,55500,59500,60500,0.0046784283604135,0.0153178555631101,0.0099009900990099,8.735161749608977e-06,0.0002626441305982,Time:0.9900:0.0e+00;V8:0.0680:1.2e-03;V9:0.0540:1.8e-02,Time:16.5786;V11:0.0307;V7:0.0277,,,,,1.0,0.0133924840400295,,,,,,,0.9900990099009901,0.0,0.42748773424234865,0.42748773424234865,0.5725122657576514,0.5668438274828231,-0.4716423791780665,0
112,56000,60000,61000,0.0060196448698417,0.0154373299154965,0.0099009900990099,3.546982004151156e-05,0.0002589879419498,Time:0.9898:0.0e+00;V17:0.0602:5.9e-03;V16:0.0415:1.3e-01,Time:16.5715;V16:0.0263;V22:0.0242,56000.0,60000.0,61000.0,0.0067811584614958,0.0980392156862745,0.01333362869725,200.0,160.0,40.0,0.0080006122589111,0.4850540161132812,,0.9900990099009901,0.9019607843137255,0.4285660036130596,0.4285660036130596,0.5714339963869404,0.9523259627955097,2.6001671436899496,1
113,56500,60500,61500,0.0041220536903707,0.0152691346349118,0.0099009900990099,4.887294398041586e-06,0.0002086451161367,Time:0.9898:0.0e+00;V17:0.0597:6.4e-03;V7:0.0542:1.8e-02,Time:16.5715;V3:0.0276;V22:0.0270,,,,,1.0,0.0133924840400295,,,,,,,0.9900990099009901,0.0,0.42748773424234865,0.42748773424234865,0.5725122657576514,0.5668438274828231,-0.4716423791780665,0
114,57000,61000,62000,0.0027495680240468,0.0152230997387382,0.0099009900990099,-1.1653270316649422e-05,0.0002576130490156,Time:0.9898:0.0e+00;V12:0.0525:2.4e-02;V21:0.0460:6.6e-02,Time:16.5715;V17:0.0247;V12:0.0224,,,,,1.0,0.0133924840400295,,,,,,,0.9900990099009901,0.0,0.42748773424234865,0.42748773424234865,0.5725122657576514,0.5668438274828231,-0.4716423791780665,0
115,57500,61500,62500,0.0025722683036686,0.0155746235493953,0.0099009900990099,-4.1456103676342784e-05,0.0002304481885949,Time:0.9900:0.0e+00;V9:0.0597:6.4e-03;V20:0.0540:1.8e-02,Time:16.5786;V1:0.0303;V2:0.0223,,,,,1.0,0.0133924840400295,,,,,,,0.9900990099009901,0.0,0.42748773424234865,0.42748773424234865,0.5725122657576514,0.5668438274828231,-0.4716423791780665,0
116,58000,62000,63000,0.0008987421472439,0.0158534941521215,0.0099009900990099,-2.2156633527796734e-05,0.0002394115756012,Time:0.9900:0.0e+00;V20:0.0640:2.8e-03;V9:0.0563:1.2e-02,Time:16.5644;V1:0.0367;V20:0.0291,58000.0,62000.0,63000.0,-0.0004435231191379,0.4705882352941176,0.011404692820503,200.0,160.0,40.0,0.0185234546661376,0.5297467708587646,,0.9900990099009901,0.5294117647058825,0.46718726983804565,0.46718726983804565,0.5328127301619543,0.7748717935690774,1.1860798048299501,1
117,58500,62500,63500,0.0026807027329069,0.0161821926407339,0.0099009900990099,1.4001371213956392e-05,0.0002572100114875,Time:0.9900:0.0e+00;V3:0.0560:1.3e-02;Amount:0.0457:6.9e-02,Time:16.5715;V2:0.0292;V5:0.0225,,,,,1.0,0.0133924840400295,,,,,,,0.9900990099009901,0.0,0.42748773424234865,0.42748773424234865,0.5725122657576514,0.5668438274828231,-0.4716423791780665,0
118,59000,63000,64000,0.0045827495588108,0.0155966458260015,0.0099009900990099,-1.857851882442585e-05,0.0001980814037574,Time:0.9898:0.0e+00;V10:0.0563:1.2e-02;V5:0.0537:1.9e-02,Time:16.5786;V25:0.0250;V10:0.0223,,,,,1.0,0.0133924840400295,,,,,,,0.9900990099009901,0.0,0.42748773424234865,0.42748773424234865,0.5725122657576514,0.5668438274828231,-0.4716423791780665,0
119,59500,63500,64500,0.0050153231729372,0.0163221421831119,0.0099009900990099,-3.245800763594931e-05,0.0002533193343623,Time:0.9900:0.0e+00;V18:0.0560:1.3e-02;Amount:0.0540:1.8e-02,Time:16.5786;Amount:0.0489;V28:0.0355,,,,,1.0,0.0133924840400295,,,,,,,0.9900990099009901,0.0,0.42748773424234865,0.42748773424234865,0.5725122657576514,0.5668438274828231,-0.4716423791780665,0
120,60000,64000,65000,0.0025516214131671,0.0164194143617278,0.0099009900990099,4.925342469281891e-06,0.0002542690443491,Time:0.9900:0.0e+00;Amount:0.0535:2.0e-02;V15:0.0508:3.2e-02,Time:16.5786;Amount:0.0521;V7:0.0392,60000.0,64000.0,65000.0,0.0098017274404751,0.1176470588235294,0.0114749117913809,200.0,160.0,40.0,0.0105674266815185,0.5441381931304932,,0.9900990099009901,0.8823529411764706,0.46565965428309275,0.46565965428309275,0.5343403457169073,0.939926012788368,2.5013550820515333,1
121,60500,64500,65500,0.0078716323920822,0.0163703911143378,0.0099009900990099,-2.599275658154099e-05,0.0002147464264014,Time:0.9898:0.0e+00;V24:0.0665:1.6e-03;V28:0.0640:2.8e-03,Time:16.5786;V28:0.0317;V7:0.0285,,,,,1.0,0.0133924840400295,,,,,,,0.9900990099009901,0.0,0.42748773424234865,0.42748773424234865,0.5725122657576514,0.5668438274828231,-0.4716423791780665,0
122,61000,65000,66000,0.0022726098586622,0.0163409218158138,0.0099009900990099,-6.333364622133076e-06,0.0002627602777621,Time:0.9900:0.0e+00;V16:0.0750:2.4e-04;V4:0.0620:4.2e-03,Time:16.5644;V16:0.0328;V4:0.0230,,,,,1.0,0.0133924840400295,,,,,,,0.9900990099009901,0.0,0.42748773424234865,0.42748773424234865,0.5725122657576514,0.5668438274828231,-0.4716423791780665,0
123,61500,65500,66500,0.0018477489599397,0.0162290252560081,0.0099009900990099,-5.9962116067135976e-06,0.0002415910390812,Time:0.9895:0.0e+00;V16:0.0607:5.3e-03;V22:0.0587:7.8e-03,Time:16.5715;V22:0.0390;V16:0.0240,61500.0,65500.0,66500.0,-0.0036539022763938,0.7843137254901961,0.0116506027311391,200.0,160.0,40.0,0.0118179321289062,0.5028550624847412,,0.9900990099009901,0.21568627450980393,0.46188090579832053,0.46188090579832053,0.5381190942016795,0.6324125542167539,0.05085820057056508,1
124,62000,66000,67000,0.0048477733759693,0.0161377882196431,0.0099009900990099,-7.872602384726424e-06,0.0002631255072813,Time:0.9898:0.0e+00;V19:0.0545:1.7e-02;V7:0.0542:1.8e-02,Time:16.5786;V18:0.0230;V2:0.0220,,,,,1.0,0.0133924840400295,,,,,,,0.9900990099009901,0.0,0.42748773424234865,0.42748773424234865,0.5725122657576514,0.5668438274828231,-0.4716423791780665,0
125,62500,66500,67500,0.0071637744654973,0.0161072339262183,0.0099009900990099,4.056384408667846e-05,0.0003271452571574,Time:0.9898:0.0e+00;V5:0.0537:1.9e-02;V7:0.0525:2.4e-02,Time:16.5644;V18:0.0296;V21:0.0262,,,,,1.0,0.0133924840400295,,,,,,,0.9900990099009901,0.0,0.42748773424234865,0.42748773424234865,0.5725122657576514,0.5668438274828231,-0.4716423791780665,0
126,63000,67000,68000,0.0054562998035401,0.0165750598036666,0.0099009900990099,3.113765342027452e-05,0.0002735435865934,Time:0.9898:0.0e+00;V18:0.0525:2.4e-02;V6:0.0500:3.6e-02,Time:16.5644;V18:0.0264;Amount:0.0206,,,,,1.0,0.0133924840400295,,,,,,,0.9900990099009901,0.0,0.42748773424234865,0.42748773424234865,0.5725122657576514,0.5668438274828231,-0.4716423791780665,0
127,63500,67500,68500,0.0039793110212567,0.016976725309137,0.0099009900990099,-2.434086569598204e-05,0.0002530348845761,Time:0.9895:0.0e+00;V28:0.0447:8.0e-02;V16:0.0435:9.5e-02,Time:16.5715;V26:0.0238;V28:0.0200,63500.0,67500.0,68500.0,0.000668334132608,0.3529411764705882,0.0137807623429139,200.0,160.0,40.0,0.0088720321655273,0.4698121547698974,,0.9900990099009901,0.6470588235294118,0.4205079659088075,0.4205079659088075,0.5794920340911924,0.8458478789048995,1.7516702560025283,1
128,64000,68000,69000,0.0053019845258024,0.0169763805718751,0.0099009900990099,-2.1058287575914657e-05,0.0002616828925006,Time:0.9890:0.0e+00;V26:0.0643:2.6e-03;V22:0.0565:1.2e-02,Time:16.5786;Amount:0.0310;V26:0.0287,,,,,1.0,0.0133924840400295,,,,,,,0.9900990099009901,0.0,0.42748773424234865,0.42748773424234865,0.5725122657576514,0.5668438274828231,-0.4716423791780665,0
129,64500,68500,69500,0.0005712173393221,0.016823397727776,0.0198019801980198,-1.780639280873686e-05,0.0002226520887107,Time:0.9900:0.0e+00;V26:0.0540:1.8e-02;Amount:0.0478:5.1e-02,Time:16.5786;Amount:0.0273;V23:0.0248,,,,,1.0,0.0133924840400295,,,,,,,0.9801980198019802,0.0,0.42748773424234865,0.42748773424234865,0.5725122657576514,0.5611753892079949,-0.5168127284039332,0
130,65000,69000,70000,-6.290060693348032e-05,0.016559797825775,0.495049504950495,-3.198958156023446e-05,0.000255955173923,Time:0.9895:0.0e+00;V9:0.0415:1.3e-01;V13:0.0413:1.3e-01,Time:16.5786;V8:0.0282;V2:0.0217,,,,,1.0,0.0133924840400295,,,,,,,0.504950495049505,0.0,0.42748773424234865,0.42748773424234865,0.5725122657576514,0.2890903520162398,-2.684989491245542,0
131,65500,69500,70500,0.0035418355415532,0.0167723054315734,0.0099009900990099,2.105230629984911e-05,0.0002689991639448,Time:0.9900:0.0e+00;V6:0.0673:1.4e-03;V1:0.0628:3.6e-03,Time:16.5715;V8:0.0342;V6:0.0267,65500.0,69500.0,70500.0,0.0063088900620038,0.1764705882352941,0.0155482417469669,200.0,160.0,40.0,0.00911545753479,0.5009469985961914,,0.9900990099009901,0.8235294117647058,0.3914163682827915,0.3914163682827915,0.6085836317172084,0.9249009427321616,2.3816241034862737,1
132,66000,70000,71000,0.0032593035120835,0.0167758560815826,0.0099009900990099,1.041608668705063e-05,0.0002772210941459,Time:0.9890:0.0e+00;V21:0.0622:3.9e-03;V1:0.0580:9.0e-03,Time:16.5715;V13:0.0303;V21:0.0280,,,,,1.0,0.0133924840400295,,,,,,,0.9900990099009901,0.0,0.42748773424234865,0.42748773424234865,0.5725122657576514,0.5668438274828231,-0.4716423791780665,0
133,66500,70500,71500,0.0015597613835278,0.0178617417150348,0.0099009900990099,2.914945466111929e-05,0.000280027734036,Time:0.9895:0.0e+00;V18:0.0493:4.0e-02;V5:0.0490:4.2e-02,Time:16.5644;V18:0.0244;V13:0.0226,,,,,1.0,0.0133924840400295,,,,,,,0.9900990099009901,0.0,0.42748773424234865,0.42748773424234865,0.5725122657576514,0.5668438274828231,-0.4716423791780665,0
134,67000,71000,72000,0.0027772475847394,0.0168475697508427,0.0099009900990099,-2.9195037013123317e-05,0.0002499940835285,Time:0.9900:0.0e+00;V10:0.0530:2.2e-02;Amount:0.0527:2.3e-02,Time:16.5715;V26:0.0383;V7:0.0238,,,,,1.0,0.0133924840400295,,,,,,,0.9900990099009901,0.0,0.42748773424234865,0.42748773424234865,0.5725122657576514,0.5668438274828231,-0.4716423791780665,0
135,67500,71500,72500,0.002320758315353,0.0170024074415911,0.0099009900990099,-2.5813741224109955e-05,0.0002566870991932,Time:0.9895:0.0e+00;V27:0.0490:4.2e-02;V24:0.0460:6.6e-02,Time:16.5644;V27:0.0376;V6:0.0228,67500.0,71500.0,72500.0,-0.0030549217998481,0.6078431372549019,0.0142892432280695,200.0,160.0,40.0,0.0093886852264404,0.5860216617584229,,0.9900990099009901,0.3921568627450981,0.41170488132096045,0.41170488132096045,0.5882951186790395,0.7439233091693733,0.9394591695565973,1
136,68000,72000,73000,0.0027095244105137,0.0173393504395893,0.0099009900990099,1.9413893485795697e-05,0.0002753877834608,Time:0.9898:0.0e+00;V28:0.0525:2.4e-02;V21:0.0447:8.0e-02,Time:16.5786;V27:0.0237;V19:0.0224,,,,,1.0,0.0133924840400295,,,,,,,0.9900990099009901,0.0,0.42748773424234865,0.42748773424234865,0.5725122657576514,0.5668438274828231,-0.4716423791780665,0
137,68500,72500,73500,0.0061249012252391,0.017455164354975,0.0099009900990099,1.9861579774476117e-05,0.0002825845541294,Time:0.9898:0.0e+00;V1:0.0680:1.2e-03;V20:0.0558:1.4e-02,Time:16.5786;V1:0.0295;V2:0.0228,,,,,1.0,0.0133924840400295,,,,,,,0.9900990099009901,0.0,0.42748773424234865,0.42748773424234865,0.5725122657576514,0.5668438274828231,-0.4716423791780665,0
138,69000,73000,74000,0.0043276100519915,0.017551555806202,0.0099009900990099,1.4821690162831749e-05,0.0002676607104084,Time:0.9900:0.0e+00;V26:0.0447:8.0e-02;V27:0.0445:8.3e-02,Time:16.5786;V5:0.0211;V21:0.0177,69000.0,73000.0,74000.0,0.0172885884500162,0.0392156862745098,0.0130691886106773,200.0,160.0,40.0,0.0097699165344238,0.4767756462097168,,0.9900990099009901,0.9607843137254902,0.433478618139961,0.433478618139961,0.566521381860039,0.9773917159116416,2.799909783014949,1
139,69500,73500,74500,0.0037574437254015,0.0178182530687704,0.0099009900990099,1.1247919510437577e-06,0.0002465719912475,Time:0.9900:0.0e+00;V19:0.0597:6.4e-03;V18:0.0483:4.7e-02,Time:16.5715;V5:0.0227;V24:0.0186,,,,,1.0,0.0133924840400295,,,,,,,0.9900990099009901,0.0,0.42748773424234865,0.42748773424234865,0.5725122657576514,0.5668438274828231,-0.4716423791780665,0
140,70000,74000,75000,0.004487539367981,0.0177721423961169,0.0099009900990099,2.3360088961297266e-05,0.0002756963646534,Time:0.9900:0.0e+00;V19:0.0730:3.8e-04;V20:0.0542:1.8e-02,Time:16.5715;V19:0.0321;V7:0.0308,,,,,1.0,0.0133924840400295,,,,,,,0.9900990099009901,0.0,0.42748773424234865,0.42748773424234865,0.5725122657576514,0.5668438274828231,-0.4716423791780665,0
141,70500,74500,75500,0.0056610810615824,0.017209458073497,0.0099009900990099,-2.9870735564869743e-05,0.0002603098481572,Time:0.9900:0.0e+00;V7:0.0575:9.8e-03;V2:0.0515:2.8e-02,Time:16.5786;V26:0.0327;V7:0.0256,,,,,1.0,0.0133924840400295,,,,,,,0.9900990099009901,0.0,0.42748773424234865,0.42748773424234865,0.5725122657576514,0.5668438274828231,-0.4716423791780665,0
142,71000,75000,76000,0.0053069776552125,0.0170189995179754,0.0099009900990099,4.919374586213054e-05,0.0002823801427515,Time:0.9895:0.0e+00;V7:0.0517:2.7e-02;V27:0.0480:4.9e-02,Time:16.5573;V1:0.0259;V6:0.0223,71000.0,75000.0,76000.0,-0.0049989900684475,0.8431372549019608,0.0133118499322705,200.0,160.0,40.0,0.0108156204223632,0.5152556896209717,,0.9900990099009901,0.1568627450980392,0.42896638532011466,0.42896638532011466,0.5710336146798853,0.6326686612708343,0.05289905283200578,1
143,71500,75500,76500,0.0043775331994835,0.0166306854937984,0.0099009900990099,-1.9234587612702023e-05,0.0002184290394762,Time:0.9895:0.0e+00;V10:0.0447:8.0e-02;V28:0.0435:9.5e-02,Time:16.5786;V17:0.0267;V1:0.0230,,,,,1.0,0.0133924840400295,,,,,,,0.9900990099009901,0.0,0.42748773424234865,0.42748773424234865,0.5725122657576514,0.5668438274828231,-0.4716423791780665,0
144,72000,76000,77000,0.0096519781034447,0.0161472522658743,0.0099009900990099,-3.709061882193332e-05,0.0002351982339218,Time:0.9898:0.0e+00;V20:0.0432:9.9e-02;V26:0.0415:1.3e-01,Time:16.5715;V8:0.0270;V10:0.0233,,,,,1.0,0.0133924840400295,,,,,,,0.9900990099009901,0.0,0.42748773424234865,0.42748773424234865,0.5725122657576514,0.5668438274828231,-0.4716423791780665,0
145,72500,76500,77500,0.0031740826069064,0.016054600476731,0.0099009900990099,2.174730585262852e-05,0.0002633974699372,Time:0.9898:0.0e+00;V15:0.0418:1.2e-01;V16:0.0418:1.2e-01,Time:16.5715;V15:0.0204;V27:0.0196,,,,,1.0,0.0133924840400295,,,,,,,0.9900990099009901,0.0,0.42748773424234865,0.42748773424234865,0.5725122657576514,0.5668438274828231,-0.4716423791780665,0
146,73000,77000,78000,0.003859987454394,0.0163288660813033,0.0099009900990099,2.136828177218497e-05,0.0002737667359861,Time:0.9892:0.0e+00;V16:0.0480:4.9e-02;V9:0.0452:7.4e-02,Time:16.5786;V9:0.0215;V22:0.0201,73000.0,77000.0,78000.0,-0.0076108027491657,0.9607843137254902,0.0138818021288266,200.0,160.0,40.0,0.0,0.5109343528747559,,0.9900990099009901,0.039215686274509776,0.41872886923012986,0.41872886923012986,0.5812711307698701,0.5919367110290863,-0.27168354432543484,0
147,73500,77500,78500,0.0036959489275887,0.0167774284766848,0.0099009900990099,-2.5353037037461056e-05,0.0002101681316006,Time:0.9892:0.0e+00;V22:0.0488:4.4e-02;V12:0.0428:1.1e-01,Time:16.5644;V27:0.0216;V18:0.0207,,,,,1.0,0.0133924840400295,,,,,,,0.9900990099009901,0.0,0.42748773424234865,0.42748773424234865,0.5725122657576514,0.5668438274828231,-0.4716423791780665,0
148,74000,78000,79000,0.0058010558635228,0.0168076873018384,0.0099009900990099,-1.2126988496969915e-05,0.0002587314221301,Time:0.9892:0.0e+00;V22:0.0493:4.0e-02;V20:0.0425:1.1e-01,Time:16.5786;V27:0.0216;V22:0.0194,,,,,1.0,0.0133924840400295,,,,,,,0.9900990099009901,0.0,0.42748773424234865,0.42748773424234865,0.5725122657576514,0.5668438274828231,-0.4716423791780665,0
149,74500,78500,79500,0.0007962557446021,0.0161394525104701,0.0396039603960396,4.948424119316286e-05,0.0003212686386808,Time:0.9898:0.0e+00;V26:0.0515:2.8e-02;V10:0.0512:2.9e-02,Time:16.5503;V26:0.0299;V8:0.0180,,,,,1.0,0.0133924840400295,,,,,,,0.9603960396039604,0.0,0.42748773424234865,0.42748773424234865,0.5725122657576514,0.5498385126583384,-0.6071534268556675,0
