window_id,start_ref_cls,start_test_cls,end_test_cls,mmd_stat,gamma,p_cls,perm_mean,perm_std,top_ks,top_psi,start_ref_q,start_test_q,end_test_q,mmd_stat_q,p_q,kernel_var,n_sub_total,n_sub_X,n_sub_Y,perm_time_s,total_time_s,error,C_cls,C_q,w_q_raw,w_q,w_cls,S_hybrid,S_hybrid_z,drift_flag,w_q_gated,w_cls_gated,S_hybrid_robust,gating,S_roll_mean,S_roll_std,T_rolling,drift_flag_rolling,drift_flag_fixed,drift_injected,w_q_prior
0,0,4000,5000,0.0254241674578226,0.0044128142871791,0.0099009900990099,-1.358534092641861e-05,0.0004357052565776,TransactionID:0.9900:0.0e+00;TransactionDT:0.9900:0.0e+00;V25:0.2082:7.8e-31,TransactionDT:16.5786;TransactionID:16.5786;D9:0.8111,0.0,4000.0,5000.0,0.0075870380677101,0.1176470588235294,0.0170700597304093,200.0,160.0,40.0,0.0157926082611084,1.637721061706543,,0.9900990099009901,0.8823529411764706,0.3694118188219966,0.3694118188219966,0.6305881811780034,0.9502963386825456,2.396712863963791,1,0.17278350365129977,0.8272164963487002,0.9714822666421139,0.4677259763975136,0.9714822666421139,0.0,0.9492608762286152,1,1,0,0.36941181882199664
1,500,4500,5500,0.0181923854686354,0.0051759245036593,0.0099009900990099,-6.127269835437988e-05,0.0003651002136503,TransactionID:0.9900:0.0e+00;TransactionDT:0.9900:0.0e+00;V25:0.1855:1.6e-24,TransactionID:16.5786;TransactionDT:16.5786;V67:0.1824,,,,,1.0,0.0236525520228047,,,,,,,0.9900990099009901,0.0,0.2971542839879221,0.2971542839879221,0.7028457160120779,0.6958868475367108,0.086939609108592,1,0.1153174635757788,0.8846825364242212,0.8759233033903181,0.38807269418490264,0.923702785016216,0.04777948162589793,0.9492608762286152,0,1,0,0.2971542839879226
2,1000,5000,6000,0.01359942784796,0.004415419764518,0.0099009900990099,-3.5592798935841774e-05,0.0003503960971797,TransactionID:0.9900:0.0e+00;TransactionDT:0.9900:0.0e+00;V25:0.1370:1.6e-13,TransactionDT:16.5786;TransactionID:16.5786;D15:0.0890,,,,,1.0,0.0236525520228047,,,,,,,0.9900990099009901,0.0,0.2971542839879221,0.2971542839879221,0.7028457160120779,0.6958868475367108,0.086939609108592,1,0.1153174635757788,0.8846825364242212,0.8759233033903181,0.38807269418490264,0.9077762911409167,0.045046927279000636,0.9492608762286152,0,1,0,0.2971542839879226
3,1500,5500,6500,0.0040902810304668,0.0041347182155375,0.0099009900990099,7.01877732307099e-05,0.0004830548552428,TransactionID:0.9900:0.0e+00;TransactionDT:0.9898:0.0e+00;D9:0.1098:7.9e-09,TransactionID:16.5786;TransactionDT:16.5786;D9:0.0833,,,,,1.0,0.0236525520228047,,,,,,,0.9900990099009901,0.0,0.2971542839879221,0.2971542839879221,0.7028457160120779,0.6958868475367108,0.086939609108592,1,0.1153174635757788,0.8846825364242212,0.8759233033903181,0.38807269418490264,0.899813044203267,0.04137824486767942,0.9492608762286152,0,1,0,0.2971542839879226
4,2000,6000,7000,0.0018633932759586,0.0028516553704275,0.0099009900990099,-4.278351539948488e-05,0.0003354173704582,TransactionID:0.9900:0.0e+00;TransactionDT:0.9900:0.0e+00;V66:0.0798:7.3e-05,TransactionID:16.5786;TransactionDT:16.5786;D9:0.0575,,,,,1.0,0.0236525520228047,,,,,,,0.9900990099009901,0.0,0.2971542839879221,0.2971542839879221,0.7028457160120779,0.6958868475367108,0.086939609108592,1,0.1153174635757788,0.8846825364242212,0.8759233033903181,0.38807269418490264,0.8950350960406773,0.03822358530071834,0.9492608762286152,0,1,0,0.2971542839879226
5,2500,6500,7500,0.0014237964882475,0.0034951523049324,0.0099009900990099,-3.049444231310705e-05,0.0003503443078972,TransactionID:0.9900:0.0e+00;TransactionDT:0.9900:0.0e+00;card5:0.0620:4.2e-03,TransactionID:16.5786;TransactionDT:16.5786;card2:0.0371,,,,,1.0,0.0236525520228047,,,,,,,0.9900990099009901,0.0,0.2971542839879221,0.2971542839879221,0.7028457160120779,0.6958868475367108,0.086939609108592,1,0.1153174635757788,0.8846825364242212,0.8759233033903181,0.38807269418490264,0.8918497972656173,0.03561272294840331,0.9239012479191803,0,1,0,0.2971542839879226
6,3000,7000,8000,0.0005624490748492,0.0033335345959095,0.0495049504950495,-3.192994307671393e-05,0.000351514026763,TransactionID:0.9900:0.0e+00;TransactionDT:0.9900:0.0e+00;card5:0.0630:3.4e-03,TransactionID:16.5786;TransactionDT:16.5786;D9:0.7490,,,,,1.0,0.0236525520228047,,,,,,,0.9504950495049505,0.0,0.2971542839879221,0.2971542839879221,0.7028457160120779,0.6680513736352424,-0.1657775079465134,1,0.1153174635757788,0.8846825364242212,0.8408863712547053,0.38807269418490264,0.884569307835487,0.03748490805105518,0.9183057250814367,0,1,0,0.2971542839879226
7,3500,7500,8500,0.0006377315079104,0.0032189590432492,0.0792079207920792,5.081913597271725e-05,0.0003544435041143,TransactionID:0.9900:0.0e+00;TransactionDT:0.9900:0.0e+00;V160:0.0740:3.0e-04,TransactionID:16.5786;TransactionDT:16.5786;D9:0.7490,3500.0,7500.0,8500.0,0.0035230734348326,0.2352941176470588,0.0228605645336832,200.0,160.0,40.0,0.0116615295410156,1.6517219543457031,,0.9207920792079208,0.7647058823529412,0.3043161352400182,0.3043161352400182,0.6956838647599818,0.8732925310167008,1.6975984768884014,1,0.1205671939921269,0.8794328060078731,0.9019732044322132,0.39619060585477645,0.8867447949100778,0.03553319220431136,0.918724667893958,0,1,0,0.3043161352400182
8,4000,8000,9000,0.0002655333450334,0.003319586388225,0.2475247524752475,4.386153064341647e-05,0.0003954480310108,TransactionID:0.9900:0.0e+00;TransactionDT:0.9900:0.0e+00;TransactionAmt:0.0660:1.8e-03,TransactionID:16.5786;TransactionDT:16.5786;D9:0.0371,,,,,1.0,0.0236525520228047,,,,,,,0.7524752475247525,0.0,0.2971542839879221,0.2971542839879221,0.7028457160120779,0.5288740041279002,-1.4293630932220398,0,0.1153174635757788,0.8846825364242212,0.6657017105766417,0.38807269418490264,0.8621844522063628,0.07712328745727084,0.9315954109179065,0,0,0,0.2971542839879226
9,4500,8500,9500,0.0003638154959926,0.0035052548330564,0.1782178217821782,1.853111345447412e-05,0.0003863975610507,TransactionID:0.9900:0.0e+00;TransactionDT:0.9900:0.0e+00;TransactionAmt:0.0767:1.6e-04,TransactionID:16.5786;TransactionDT:16.5786;TransactionAmt:0.0284,,,,,1.0,0.0236525520228047,,,,,,,0.8217821782178218,0.0,0.2971542839879221,0.2971542839879221,0.7028457160120779,0.57758608345547,-0.987108138375605,0,0.1153174635757788,0.8846825364242212,0.727016341813964,0.38807269418490264,0.8486676411671228,0.08365129375825459,0.923953805549552,0,0,0,0.2971542839879226
10,5000,9000,10000,0.0042784737951528,0.00264001893499,0.0099009900990099,5.256651198355389e-06,0.0003710742060875,TransactionID:0.9900:0.0e+00;TransactionDT:0.9900:0.0e+00;D15:0.1075:1.7e-08,TransactionID:16.5786;TransactionDT:16.5786;D9:0.0925,,,,,1.0,0.0236525520228047,,,,,,,0.9900990099009901,0.0,0.2971542839879221,0.2971542839879221,0.7028457160120779,0.6958868475367108,0.086939609108592,1,0.1153174635757788,0.8846825364242212,0.8759233033903181,0.38807269418490264,0.8511454286419589,0.08014233182795806,0.9232735272871211,0,1,0,0.2971542839879226
11,5500,9500,10500,0.0054357767130186,0.0035099207965503,0.0099009900990099,8.58164426579422e-05,0.0004536010920749,TransactionID:0.9900:0.0e+00;TransactionDT:0.9900:0.0e+00;V67:0.1185:3.2e-10,TransactionID:16.5786;TransactionDT:16.5786;C10:0.0502,,,,,1.0,0.0236525520228047,,,,,,,0.9900990099009901,0.0,0.2971542839879221,0.2971542839879221,0.7028457160120779,0.6958868475367108,0.086939609108592,1,0.1153174635757788,0.8846825364242212,0.8759233033903181,0.38807269418490264,0.8532102515376554,0.07703543990322799,0.9225421474505606,0,1,0,0.2971542839879226
12,6000,10000,11000,0.0010010813874106,0.0040429300959904,0.0297029702970297,2.2345191642472173e-05,0.0004006335039081,TransactionID:0.9900:0.0e+00;TransactionDT:0.9900:0.0e+00;V160:0.0990:2.9e-07,TransactionID:16.5786;TransactionDT:16.5786;D9:0.8567,,,,,1.0,0.0236525520228047,,,,,,,0.9702970297029703,0.0,0.2971542839879221,0.2971542839879221,0.7028457160120779,0.6819691105859765,-0.0394189494189612,1,0.1153174635757788,0.8846825364242212,0.8584048373225117,0.38807269418490264,0.8536098350595674,0.07402619913745696,0.9202334142832788,0,1,0,0.2971542839879226
13,6500,10500,11500,0.0009776183339467,0.0028875744666929,0.0396039603960396,8.454220389592093e-05,0.0004128229082693,TransactionID:0.9900:0.0e+00;TransactionDT:0.9900:0.0e+00;V159:0.1040:5.7e-08,TransactionID:16.5786;TransactionDT:16.5786;D9:0.8069,,,,,1.0,0.0236525520228047,,,,,,,0.9603960396039604,0.0,0.2971542839879221,0.2971542839879221,0.7028457160120779,0.6750102421106094,-0.1025982286827373,1,0.1153174635757788,0.8846825364242212,0.8496456042886085,0.38807269418490264,0.8533266757187847,0.07134073604902504,0.9175333381629073,0,1,0,0.2971542839879226
14,7000,11000,12000,0.000483878946359,0.0045928009062554,0.0693069306930693,-2.861551343327884e-05,0.0003742120591142,TransactionID:0.9900:0.0e+00;TransactionDT:0.9900:0.0e+00;D9:0.1020:1.1e-07,TransactionID:16.5786;TransactionDT:16.5786;D9:0.8111,,,,,1.0,0.0236525520228047,,,,,,,0.9306930693069307,0.0,0.2971542839879221,0.2971542839879221,0.7028457160120779,0.6541336366845082,-0.2921360664740657,1,0.1153174635757788,0.8846825364242212,0.8233679051868991,0.38807269418490264,0.8513294243499924,0.06932565730740833,0.9137225159266599,0,1,0,0.2971542839879226
15,7500,11500,12500,0.0012592608936969,0.0040269721756048,0.0099009900990099,-9.098838753338612e-06,0.000341549917048,TransactionID:0.9900:0.0e+00;TransactionDT:0.9900:0.0e+00;V159:0.0887:6.4e-06,TransactionID:16.5786;TransactionDT:16.5786;M4_freq:0.0275,7500.0,11500.0,12500.0,-0.0038514264624321,0.6470588235294118,0.0243328332792941,200.0,160.0,40.0,0.0098769664764404,1.4100708961486816,,0.9900990099009901,0.3529411764705882,0.291266378144785,0.291266378144785,0.7087336218552149,0.8045163554511388,1.0731824215868353,1,0.11107757331714836,0.8889224266828516,0.9193250639435292,0.3813607805495938,0.8555791518245883,0.06911274551528286,0.9177806227883429,1,1,0,0.291266378144785
16,8000,12000,13000,0.0022422819689738,0.0041373545797669,0.0099009900990099,-1.10900233935185e-05,0.000410385735907,TransactionID:0.9900:0.0e+00;TransactionDT:0.9900:0.0e+00;M5_freq:0.1340:5.8e-13,TransactionID:16.5786;TransactionDT:16.5786;D9:0.0890,,,,,1.0,0.0236525520228047,,,,,,,0.9900990099009901,0.0,0.2971542839879221,0.2971542839879221,0.7028457160120779,0.6958868475367108,0.086939609108592,1,0.1153174635757788,0.8846825364242212,0.8759233033903181,0.38807269418490264,0.8567758666225724,0.06721986919070452,0.9172737488942065,0,1,0,0.2971542839879226
17,8500,12500,13500,0.0057560403941312,0.0035616230862092,0.0099009900990099,8.033975587249387e-06,0.0004067929958036,TransactionID:0.9900:0.0e+00;TransactionDT:0.9900:0.0e+00;M5_freq:0.1700:1.2e-20,TransactionID:16.5786;TransactionDT:16.5786;M5_freq:0.1424,,,,,1.0,0.0236525520228047,,,,,,,0.9900990099009901,0.0,0.2971542839879221,0.2971542839879221,0.7028457160120779,0.6958868475367108,0.086939609108592,1,0.1153174635757788,0.8846825364242212,0.8759233033903181,0.38807269418490264,0.8578396131096695,0.06547303947021861,0.9167653486328663,0,1,0,0.2971542839879226
18,9000,13000,14000,0.0021811834756169,0.0035149333905538,0.0099009900990099,-4.548936422006822e-05,0.000323410579495,TransactionID:0.9900:0.0e+00;TransactionDT:0.9900:0.0e+00;M4_freq:0.1175:4.6e-10,TransactionID:16.5786;TransactionDT:16.5715;V165:0.0831,,,,,1.0,0.0236525520228047,,,,,,,0.9900990099009901,0.0,0.2971542839879221,0.2971542839879221,0.7028457160120779,0.6958868475367108,0.086939609108592,1,0.1153174635757788,0.8846825364242212,0.8759233033903181,0.38807269418490264,0.8587913862823351,0.06385458333190508,0.9162605112810497,0,1,0,0.2971542839879226
19,9500,13500,14500,0.0033510983495894,0.0037258784217862,0.0099009900990099,2.49938321264076e-05,0.0003489400741902,TransactionID:0.9900:0.0e+00;TransactionDT:0.9900:0.0e+00;P_emaildomain_freq:0.1565:1.5e-17,TransactionID:16.5786;TransactionDT:16.5786;D9:1.1084,,,,,1.0,0.0236525520228047,,,,,,,0.9900990099009901,0.0,0.2971542839879221,0.2971542839879221,0.7028457160120779,0.6958868475367108,0.086939609108592,1,0.1153174635757788,0.8846825364242212,0.8759233033903181,0.38807269418490264,0.8596479821377343,0.062349649514627604,0.9157626667008991,0,1,0,0.2971542839879226
20,10000,14000,15000,0.0068478510086373,0.0031833115906395,0.0099009900990099,2.5653728898193952e-05,0.0004386947486518,TransactionID:0.9900:0.0e+00;TransactionDT:0.9900:0.0e+00;V127:0.1993:3.0e-28,TransactionID:16.5786;TransactionDT:16.5715;V145:1.0128,,,,,1.0,0.0236525520228047,,,,,,,0.9900990099009901,0.0,0.2971542839879221,0.2971542839879221,0.7028457160120779,0.6958868475367108,0.086939609108592,1,0.1153174635757788,0.8846825364242212,0.8759233033903181,0.38807269418490264,0.8604229974354763,0.06094566211793616,0.9152740933416189,0,1,0,0.2971542839879226
21,10500,14500,15500,0.0105540286989858,0.0027003407599584,0.0099009900990099,-7.735656052889617e-06,0.0003530462794424,TransactionID:0.9900:0.0e+00;TransactionDT:0.9900:0.0e+00;D15:0.2477:1.3e-43,TransactionID:16.5786;TransactionDT:16.5786;D9:1.0704,,,,,1.0,0.0236525520228047,,,,,,,0.9900990099009901,0.0,0.2971542839879221,0.2971542839879221,0.7028457160120779,0.6958868475367108,0.086939609108592,1,0.1153174635757788,0.8846825364242212,0.8759233033903181,0.38807269418490264,0.8611275567970601,0.05963189618968123,0.9147962633677732,0,1,0,0.2971542839879226
22,11000,15000,16000,0.0190905205635711,0.0026302702711965,0.0099009900990099,-1.3928112794834302e-05,0.0003688222066834,TransactionID:0.9900:0.0e+00;TransactionDT:0.9900:0.0e+00;D15:0.2885:3.2e-59,TransactionDT:16.5786;TransactionID:16.5786;D9:1.0704,,,,,1.0,0.0236525520228047,,,,,,,0.9900990099009901,0.0,0.2971542839879221,0.2971542839879221,0.7028457160120779,0.6958868475367108,0.086939609108592,1,0.1153174635757788,0.8846825364242212,0.8759233033903181,0.38807269418490264,0.8617708501272018,0.05839914496918978,0.9143300805994726,0,1,0,0.2971542839879226
23,11500,15500,16500,0.0154109939608761,0.0027677819352629,0.0099009900990099,-1.5122568697869545e-05,0.0003659483785556,TransactionID:0.9900:0.0e+00;TransactionDT:0.9900:0.0e+00;D15:0.2560:1.4e-46,TransactionID:16.5786;TransactionDT:16.5715;C11:0.5543,11500.0,15500.0,16500.0,0.0069272176834464,0.1568627450980392,0.0170264992717462,200.0,160.0,40.0,0.0097615718841552,1.5222618579864502,,0.9900990099009901,0.8431372549019608,0.3700072251341891,0.3700072251341891,0.629992774865811,0.9357220987329486,2.264393941844158,1,0.17329737883983642,0.8267026211601636,0.9646309229699561,0.46836214827152994,0.8660566864956499,0.06075220716368124,0.920733672942963,1,1,0,0.3700072251341891
24,12000,16000,17000,0.0125412638928159,0.0025788970025428,0.0099009900990099,5.6066210228657983e-05,0.0004056789912698,TransactionID:0.9900:0.0e+00;TransactionDT:0.9900:0.0e+00;D15:0.1948:5.4e-27,TransactionDT:16.5786;TransactionID:16.5786;C11:0.5441,,,,,1.0,0.0236525520228047,,,,,,,0.9900990099009901,0.0,0.2971542839879221,0.2971542839879221,0.7028457160120779,0.6958868475367108,0.086939609108592,1,0.1153174635757788,0.8846825364242212,0.8759233033903181,0.38807269418490264,0.8664513511714366,0.0595561557960218,0.9200518913878561,0,1,0,0.2971542839879226
25,12500,16500,17500,0.0112110528160642,0.0024267308359686,0.0099009900990099,7.186553663122374e-05,0.0004533796893168,TransactionID:0.9900:0.0e+00;TransactionDT:0.9900:0.0e+00;D15:0.1325:1.1e-12,TransactionID:16.5786;TransactionDT:16.5786;C11:0.5405,,,,,1.0,0.0236525520228047,,,,,,,0.9900990099009901,0.0,0.2971542839879221,0.2971542839879221,0.7028457160120779,0.6958868475367108,0.086939609108592,1,0.1153174635757788,0.8846825364242212,0.8759233033903181,0.38807269418490264,0.8626289926413648,0.05562961671121542,0.9126956476814587,0,1,0,0.2971542839879226
26,13000,17000,18000,0.0078160350935923,0.0024360293831156,0.0099009900990099,5.943903533331962e-06,0.0004074024704135,TransactionID:0.9900:0.0e+00;TransactionDT:0.9900:0.0e+00;D9:0.1217:9.0e-11,TransactionID:16.5786;TransactionDT:16.5786;D9:0.1464,,,,,1.0,0.0236525520228047,,,,,,,0.9900990099009901,0.0,0.2971542839879221,0.2971542839879221,0.7028457160120779,0.6958868475367108,0.086939609108592,1,0.1153174635757788,0.8846825364242212,0.8759233033903181,0.38807269418490264,0.8626289926413648,0.05562961671121542,0.9126956476814587,0,1,0,0.2971542839879226
27,13500,17500,18500,0.0047435146915735,0.0025716262387713,0.0099009900990099,-4.8310611099766645e-05,0.0003083553189586,TransactionID:0.9900:0.0e+00;TransactionDT:0.9900:0.0e+00;V54:0.1037:6.2e-08,TransactionDT:16.5786;TransactionID:16.5786;V67:0.9485,,,,,1.0,0.0236525520228047,,,,,,,0.9900990099009901,0.0,0.2971542839879221,0.2971542839879221,0.7028457160120779,0.6958868475367108,0.086939609108592,1,0.1153174635757788,0.8846825364242212,0.8759233033903181,0.38807269418490264,0.8626289926413646,0.05562961671121542,0.9126956476814585,0,1,0,0.2971542839879226
28,14000,18000,19000,0.0016267540167258,0.0025547665108511,0.0198019801980198,-4.206585355698955e-05,0.0003689195427338,TransactionID:0.9900:0.0e+00;TransactionDT:0.9900:0.0e+00;V160:0.0950:1.0e-06,TransactionDT:16.5786;TransactionID:16.5786;D9:1.1338,,,,,1.0,0.0236525520228047,,,,,,,0.9801980198019802,0.0,0.2971542839879221,0.2971542839879221,0.7028457160120779,0.6889279790613436,0.0237603298448148,1,0.1153174635757788,0.8846825364242212,0.8671640703564149,0.38807269418490264,0.8622786233200087,0.05557233687761441,0.9122937265098616,0,1,0,0.2971542839879226
29,14500,18500,19500,0.0012543829185769,0.0026704482730328,0.0297029702970297,1.2233341730183425e-05,0.000421338275944,TransactionID:0.9900:0.0e+00;TransactionDT:0.9900:0.0e+00;D9:0.1175:4.6e-10,TransactionID:16.5786;TransactionDT:16.5786;D9:1.1338,,,,,1.0,0.0236525520228047,,,,,,,0.9702970297029703,0.0,0.2971542839879221,0.2971542839879221,0.7028457160120779,0.6819691105859765,-0.0394189494189612,1,0.1153174635757788,0.8846825364242212,0.8584048373225117,0.38807269418490264,0.8615778846772963,0.05550627665717639,0.9115335336687551,0,1,0,0.2971542839879226
30,15000,19000,20000,0.0018499610041942,0.0028436070387404,0.0099009900990099,4.55940620163231e-05,0.0004195456769909,TransactionID:0.9900:0.0e+00;TransactionDT:0.9900:0.0e+00;D9:0.1308:2.3e-12,TransactionID:16.5786;TransactionDT:16.5786;D9:1.1338,,,,,1.0,0.0236525520228047,,,,,,,0.9900990099009901,0.0,0.2971542839879221,0.2971542839879221,0.7028457160120779,0.6958868475367108,0.086939609108592,1,0.1153174635757788,0.8846825364242212,0.8759233033903181,0.38807269418490264,0.8615778846772963,0.05550627665717639,0.9115335336687551,0,1,0,0.2971542839879226
31,15500,19500,20500,0.0003989107918795,0.0027979224436183,0.1683168316831683,1.2997079693588542e-05,0.0003614496454103,TransactionID:0.9900:0.0e+00;TransactionDT:0.9900:0.0e+00;V164:0.0867:1.1e-05,TransactionID:16.5786;TransactionDT:16.5786;addr1:0.0282,15500.0,19500.0,20500.0,0.0017119355521601,0.3137254901960784,0.0206972445353119,200.0,160.0,40.0,0.0095541477203369,1.293140888214111,,0.8316831683168318,0.6862745098039216,0.3257621376788708,0.3257621376788708,0.6742378623211291,0.7843145328826492,0.8897709094696258,1,0.1368854131174818,0.8631145868825182,0.8117788440254332,0.42020049995012143,0.8604135835881255,0.056228670446685,0.911019386990142,0,1,0,0.3257621376788708
32,16000,20000,21000,0.0012580010603575,0.002688252343644,0.0099009900990099,-1.1619317515791928e-05,0.0003887074275526,TransactionID:0.9900:0.0e+00;TransactionDT:0.9900:0.0e+00;D9:0.1232:5.0e-11,TransactionDT:16.5786;TransactionID:16.5786;D9:0.0746,,,,,1.0,0.0236525520228047,,,,,,,0.9900990099009901,0.0,0.2971542839879221,0.2971542839879221,0.7028457160120779,0.6958868475367108,0.086939609108592,1,0.1153174635757788,0.8846825364242212,0.8759233033903181,0.38807269418490264,0.8593715875464497,0.05568762517289248,0.909490450202053,0,1,0,0.2971542839879226
33,16500,20500,21500,0.0025828849163826,0.0026386966356049,0.0099009900990099,-2.498915790348999e-05,0.0003997181056821,TransactionID:0.9900:0.0e+00;TransactionDT:0.9900:0.0e+00;D9:0.1373:1.4e-13,TransactionID:16.5786;TransactionDT:16.5786;D9:0.1415,,,,,1.0,0.0236525520228047,,,,,,,0.9900990099009901,0.0,0.2971542839879221,0.2971542839879221,0.7028457160120779,0.6958868475367108,0.086939609108592,1,0.1153174635757788,0.8846825364242212,0.8759233033903181,0.38807269418490264,0.8677804512589966,0.039256083993890675,0.9031109268534983,0,1,0,0.2971542839879226
34,17000,21000,22000,0.0013382395471606,0.0025873588581107,0.0198019801980198,-1.8308063881056208e-06,0.0004283816833233,TransactionID:0.9900:0.0e+00;TransactionDT:0.9900:0.0e+00;V160:0.1020:1.1e-07,TransactionID:16.5786;TransactionDT:16.5786;addr1:0.0564,,,,,1.0,0.0236525520228047,,,,,,,0.9801980198019802,0.0,0.2971542839879221,0.2971542839879221,0.7028457160120779,0.6889279790613436,0.0237603298448148,1,0.1153174635757788,0.8846825364242212,0.8671640703564149,0.38807269418490264,0.8733863604006947,0.026777746916665377,0.8974863326256936,0,1,0,0.2971542839879226
35,17500,21500,22500,0.0007016910108448,0.0026214908392879,0.0693069306930693,5.837869549509822e-06,0.0004181777897757,TransactionID:0.9900:0.0e+00;TransactionDT:0.9900:0.0e+00;V150:0.1040:5.7e-08,TransactionID:16.5786;TransactionDT:16.5786;D9:0.0898,,,,,1.0,0.0236525520228047,,,,,,,0.9306930693069307,0.0,0.2971542839879221,0.2971542839879221,0.7028457160120779,0.6541336366845082,-0.2921360664740657,1,0.1153174635757788,0.8846825364242212,0.8233679051868991,0.38807269418490264,0.8712841444725581,0.028503417504119506,0.8969372202262657,0,1,0,0.2971542839879226
36,18000,22000,23000,0.0007533525793752,0.0026755682285988,0.0396039603960396,-5.847518375231342e-05,0.0003158546055748,TransactionID:0.9900:0.0e+00;TransactionDT:0.9900:0.0e+00;V160:0.0930:1.8e-06,TransactionDT:16.5786;TransactionID:16.5786;D9:1.3681,,,,,1.0,0.0236525520228047,,,,,,,0.9603960396039604,0.0,0.2971542839879221,0.2971542839879221,0.7028457160120779,0.6750102421106094,-0.1025982286827373,1,0.1153174635757788,0.8846825364242212,0.8496456042886085,0.38807269418490264,0.8702330365084896,0.02879597483147853,0.8961494138568202,0,1,0,0.2971542839879226
37,18500,22500,23500,0.0002414302256776,0.002938341235402,0.297029702970297,4.784832741861589e-05,0.000395003855785,TransactionID:0.9900:0.0e+00;TransactionDT:0.9900:0.0e+00;D9:0.1077:1.6e-08,TransactionID:16.5786;TransactionDT:16.5786;D9:1.3681,,,,,1.0,0.0236525520228047,,,,,,,0.7029702970297029,0.0,0.2971542839879221,0.2971542839879221,0.7028457160120779,0.4940796617510646,-1.7452594895409212,0,0.1153174635757788,0.8846825364242212,0.6219055454071257,0.38807269418490264,0.8607730648318743,0.056575459025989115,0.9116909779552645,0,0,0,0.2971542839879226
38,19000,23000,24000,0.000670541799346,0.0026637856292213,0.0594059405940594,-6.601018311543472e-05,0.0003640285255251,TransactionID:0.9900:0.0e+00;TransactionDT:0.9900:0.0e+00;D9:0.0895:5.2e-06,TransactionID:16.5786;TransactionDT:16.5786;D9:0.0609,,,,,1.0,0.0236525520228047,,,,,,,0.9405940594059405,0.0,0.2971542839879221,0.2971542839879221,0.7028457160120779,0.6610925051598752,-0.2289567872102905,1,0.1153174635757788,0.8846825364242212,0.8321271382208021,0.38807269418490264,0.860072326189162,0.05681691894749823,0.9112075532419104,0,1,0,0.2971542839879226
39,19500,23500,24500,-0.0002548690640329,0.0026037676109751,0.693069306930693,-2.052769396022836e-05,0.0003650023668233,TransactionID:0.9900:0.0e+00;TransactionDT:0.9900:0.0e+00;D9:0.0910:3.3e-06,TransactionID:16.5786;TransactionDT:16.5786;C13:0.0207,19500.0,23500.0,24500.0,0.0087907027584455,0.1176470588235294,0.0188054320974905,200.0,160.0,40.0,0.0088963508605957,1.2783944606781006,,0.306930693069307,0.8823529411764706,0.3471567434506227,0.3471567434506227,0.6528432565493772,0.5066924068312262,-1.6307488982683498,0,0.15403888750586386,0.8459611124941362,0.3955680960138577,0.4437156714133463,0.8429603338222402,0.10729408468833047,0.9395250100417376,0,0,0,0.34715674345062275
40,20000,24000,25000,0.0003402126509834,0.0021490438879793,0.1287128712871287,-4.310013686810388e-05,0.0003551770711284,TransactionID:0.9900:0.0e+00;TransactionDT:0.9900:0.0e+00;D9:0.1328:9.9e-13,TransactionID:16.5786;TransactionDT:16.5786;D9:0.1302,,,,,1.0,0.0236525520228047,,,,,,,0.8712871287128713,0.0,0.2971542839879221,0.2971542839879221,0.7028457160120779,0.6123804258323055,-0.6712117420567244,1,0.1153174635757788,0.8846825364242212,0.7708125069834799,0.38807269418490264,0.8370198315438383,0.10701252505304822,0.9333311040915817,0,1,0,0.2971542839879226
41,20500,24500,25500,0.0014596168181155,0.0023933238881029,0.0198019801980198,-3.610693129215248e-05,0.0004025153097595,TransactionID:0.9900:0.0e+00;TransactionDT:0.9900:0.0e+00;V150:0.1280:7.3e-12,TransactionID:16.5786;TransactionDT:16.5786;D9:0.0394,,,,,1.0,0.0236525520228047,,,,,,,0.9801980198019802,0.0,0.2971542839879221,0.2971542839879221,0.7028457160120779,0.6889279790613436,0.0237603298448148,1,0.1153174635757788,0.8846825364242212,0.8671640703564149,0.38807269418490264,0.8366694622224822,0.10689885668258158,0.9328784332368056,0,1,0,0.2971542839879226
42,21000,25000,26000,0.000652932033212,0.0022941796855617,0.0297029702970297,2.784351858586831e-07,0.000394971938116,TransactionID:0.9900:0.0e+00;TransactionDT:0.9900:0.0e+00;V160:0.1250:2.5e-11,TransactionID:16.5786;TransactionDT:16.5786;addr1:0.0538,,,,,1.0,0.0236525520228047,,,,,,,0.9702970297029703,0.0,0.2971542839879221,0.2971542839879221,0.7028457160120779,0.6819691105859765,-0.0394189494189612,1,0.1153174635757788,0.8846825364242212,0.8584048373225117,0.38807269418490264,0.8359687235797699,0.10669647147291282,0.9319955479053914,0,1,0,0.2971542839879226
43,21500,25500,26500,0.0021415156153532,0.0025892582769628,0.0099009900990099,2.337839351400861e-05,0.0003542896922724,TransactionID:0.9900:0.0e+00;TransactionDT:0.9898:0.0e+00;D9:0.1398:4.6e-14,TransactionID:16.5786;TransactionDT:16.5786;D9:1.2016,,,,,1.0,0.0236525520228047,,,,,,,0.9900990099009901,0.0,0.2971542839879221,0.2971542839879221,0.7028457160120779,0.6958868475367108,0.086939609108592,1,0.1153174635757788,0.8846825364242212,0.8759233033903181,0.38807269418490264,0.8359687235797699,0.10669647147291282,0.9319955479053914,0,1,0,0.2971542839879226
44,22000,26000,27000,0.0007613443670839,0.0027545696173249,0.0297029702970297,-2.9913076220586808e-05,0.0003316911108651,TransactionID:0.9900:0.0e+00;TransactionDT:0.9900:0.0e+00;D9:0.1348:4.2e-13,TransactionID:16.5786;TransactionDT:16.5786;V164:1.6570,,,,,1.0,0.0236525520228047,,,,,,,0.9702970297029703,0.0,0.2971542839879221,0.2971542839879221,0.7028457160120779,0.6819691105859765,-0.0394189494189612,1,0.1153174635757788,0.8846825364242212,0.8584048373225117,0.38807269418490264,0.8352679849370576,0.1064890906159232,0.9311081664913885,0,1,0,0.2971542839879226
45,22500,26500,27500,-1.478194264747934e-05,0.0029428039939246,0.4257425742574257,1.4455415436023244e-05,0.0003974171015539,TransactionID:0.9900:0.0e+00;TransactionDT:0.9900:0.0e+00;D9:0.1345:4.7e-13,TransactionID:16.5786;TransactionDT:16.5786;D9:1.2996,,,,,1.0,0.0236525520228047,,,,,,,0.5742574257425743,0.0,0.2971542839879221,0.2971542839879221,0.7028457160120779,0.4036143715712923,-2.5665901199700127,0,0.1153174635757788,0.8846825364242212,0.5080355159663845,0.38807269418490264,0.8205524734401004,0.12385681044978304,0.9320236028449052,0,0,0,0.2971542839879226
46,23000,27000,28000,-0.0002433195368269,0.0027949635508617,0.7425742574257426,4.8906002432247406e-05,0.0003877930281742,TransactionID:0.9900:0.0e+00;TransactionDT:0.9900:0.0e+00;V143:0.0998:2.3e-07,TransactionID:16.5786;TransactionDT:16.5786;V143:0.3140,,,,,1.0,0.0236525520228047,,,,,,,0.25742574257425743,0.0,0.2971542839879221,0.2971542839879221,0.7028457160120779,0.1809305803595448,-4.588327056410855,0,0.1153174635757788,0.8846825364242212,0.2277400588814827,0.38807269418490264,0.7946251436597468,0.16912335222278438,0.9468361606602527,0,0,0,0.2971542839879226
47,23500,27500,28500,0.0029571638808745,0.0022205978826531,0.0099009900990099,3.0547478878557574e-05,0.0003802465963589,TransactionID:0.9900:0.0e+00;TransactionDT:0.9900:0.0e+00;D9:0.1427:1.2e-14,TransactionID:16.5786;TransactionDT:16.5786;D9:0.3765,23500.0,27500.0,28500.0,0.0086702267412099,0.1176470588235294,0.0200216297171412,200.0,160.0,40.0,0.007500410079956,1.3035671710968018,,0.9900990099009901,0.8823529411764706,0.3330931763160509,0.3330931763160509,0.666906823683949,0.9542095296339724,2.432240562871713,1,0.14266605195947588,0.8573339480405241,0.9747273036619085,0.42830673848481704,0.7985773036706104,0.17210515561363987,0.9534719437228862,1,1,0,0.3330931763160509
48,24000,28000,29000,0.0013315571891734,0.0022212233885325,0.0198019801980198,4.654110122248589e-05,0.0003873122423728,TransactionID:0.9900:0.0e+00;TransactionDT:0.9900:0.0e+00;V160:0.1410:2.6e-14,TransactionID:16.5786;TransactionDT:16.5786;D9:0.1146,,,,,1.0,0.0236525520228047,,,,,,,0.9801980198019802,0.0,0.2971542839879221,0.2971542839879221,0.7028457160120779,0.6889279790613436,0.0237603298448148,1,0.1153174635757788,0.8846825364242212,0.8671640703564149,0.38807269418490264,0.7946786295660688,0.16938181287346585,0.9471222611521881,0,1,0,0.2971542839879226
49,24500,28500,29500,0.0006640649388811,0.0028602023126118,0.1089108910891089,7.231854766125423e-05,0.0004398546885433,TransactionID:0.9900:0.0e+00;TransactionDT:0.9900:0.0e+00;D10:0.0993:2.7e-07,TransactionDT:16.5786;TransactionID:16.5786;V144:0.2727,,,,,1.0,0.0236525520228047,,,,,,,0.8910891089108911,0.0,0.2971542839879221,0.2971542839879221,0.7028457160120779,0.6262981627830397,-0.5448531835291711,1,0.1153174635757788,0.8846825364242212,0.7883309730512863,0.38807269418490264,0.7911749363525077,0.16856899624457605,0.9428870329726261,0,1,0,0.2971542839879226
50,25000,29000,30000,0.0004748560415204,0.0029078515272963,0.1188118811881188,-6.019050923518065e-06,0.0003806207347604,TransactionID:0.9900:0.0e+00;TransactionDT:0.9900:0.0e+00;V144:0.1123:3.2e-09,TransactionID:16.5786;TransactionDT:16.5786;V144:1.7440,,,,,1.0,0.0236525520228047,,,,,,,0.8811881188118812,0.0,0.2971542839879221,0.2971542839879221,0.7028457160120779,0.6193392943076726,-0.6080324627929472,1,0.1153174635757788,0.8846825364242212,0.779571740017383,0.38807269418490264,0.7873208738175902,0.16768645334333207,0.9382386818265891,0,1,0,0.2971542839879226
51,25500,29500,30500,1.0882756587449194e-05,0.002639943915653,0.3762376237623762,-3.274310389148827e-05,0.0003629811434037,TransactionID:0.9900:0.0e+00;TransactionDT:0.9900:0.0e+00;V144:0.0998:2.3e-07,TransactionID:16.5786;TransactionDT:16.5786;D9:1.2783,,,,,1.0,0.0236525520228047,,,,,,,0.6237623762376239,0.0,0.2971542839879221,0.2971542839879221,0.7028457160120779,0.4384087139481278,-2.250693723651131,0,0.1153174635757788,0.8846825364242212,0.5518316811359004,0.38807269418490264,0.7743572089274134,0.172785649870665,0.929864293811012,0,0,0,0.2971542839879226
52,26000,30000,31000,0.0002105942380814,0.0025990439306309,0.1881188118811881,2.923299421879744e-05,0.0003641909741553,TransactionID:0.9900:0.0e+00;TransactionDT:0.9900:0.0e+00;D9:0.1130:2.5e-09,TransactionDT:16.5786;TransactionID:16.5786;D9:1.5099,,,,,1.0,0.0236525520228047,,,,,,,0.8118811881188119,0.0,0.2971542839879221,0.2971542839879221,0.7028457160120779,0.5706272149801029,-1.050287417639381,0,0.1153174635757788,0.8846825364242212,0.7182571087800609,0.38807269418490264,0.7680505611430033,0.1718382058293069,0.9227049463893795,0,0,0,0.2971542839879226
53,26500,30500,31500,0.001424099007496,0.0027238179281408,0.0099009900990099,-5.1929458713047e-05,0.0003308889007191,TransactionID:0.9900:0.0e+00;TransactionDT:0.9900:0.0e+00;D9:0.1175:4.6e-10,TransactionID:16.5786;TransactionDT:16.5786;D9:1.5099,,,,,1.0,0.0236525520228047,,,,,,,0.9900990099009901,0.0,0.2971542839879221,0.2971542839879221,0.7028457160120779,0.6958868475367108,0.086939609108592,1,0.1153174635757788,0.8846825364242212,0.8759233033903181,0.38807269418490264,0.7684009304643592,0.1720487368637975,0.9232447936417769,0,1,0,0.2971542839879226
54,27000,31000,32000,0.0021539586747398,0.0027501870099592,0.0198019801980198,6.32501714733169e-05,0.0004734203436493,TransactionID:0.9900:0.0e+00;TransactionDT:0.9900:0.0e+00;V151:0.0935:1.6e-06,TransactionID:16.5786;TransactionDT:16.5786;addr1:0.0587,,,,,1.0,0.0236525520228047,,,,,,,0.9801980198019802,0.0,0.2971542839879221,0.2971542839879221,0.7028457160120779,0.6889279790613436,0.0237603298448148,1,0.1153174635757788,0.8846825364242212,0.8671640703564149,0.38807269418490264,0.7687512997857155,0.17224048095564284,0.9237677326457941,0,1,0,0.2971542839879226
55,27500,31500,32500,0.0059301303576788,0.0022540445941995,0.0099009900990099,-6.22110384706387e-05,0.0003341415438136,TransactionID:0.9900:0.0e+00;TransactionDT:0.9900:0.0e+00;D9:0.1250:2.5e-11,TransactionID:16.5786;TransactionDT:16.5786;D9:0.0698,27500.0,31500.0,32500.0,0.0141873503665977,0.0392156862745098,0.0164978062600751,200.0,160.0,40.0,0.0158894062042236,1.2599804401397705,,0.9900990099009901,0.9607843137254902,0.3773897319073488,0.3773897319073488,0.6226102680926512,0.9790359445703728,2.6576385579534474,1,0.17972191244262234,0.8202780875573776,0.9848305166416548,0.4762236416298285,0.7731075883157689,0.17622707400990387,0.9317119549246824,1,1,0,0.3773897319073488
56,28000,32000,33000,0.0050106254654058,0.0026218372264258,0.0099009900990099,-1.2050545286723668e-06,0.0004064983659129,TransactionID:0.9900:0.0e+00;TransactionDT:0.9900:0.0e+00;D9:0.1350:3.7e-13,TransactionDT:16.5786;TransactionID:16.5786;D9:0.1496,,,,,1.0,0.0236525520228047,,,,,,,0.9900990099009901,0.0,0.2971542839879221,0.2971542839879221,0.7028457160120779,0.6958868475367108,0.086939609108592,1,0.1153174635757788,0.8846825364242212,0.8759233033903181,0.38807269418490264,0.7756733666903642,0.1772355004093416,0.9351853170587717,0,1,0,0.2971542839879226
57,28500,32500,33500,0.0057206688683721,0.0025973463558706,0.0099009900990099,0.0001378853797908,0.0005197418195878,TransactionID:0.9900:0.0e+00;TransactionDT:0.9900:0.0e+00;V150:0.1450:4.1e-15,TransactionDT:16.5786;TransactionID:16.5786;D9:0.1255,,,,,1.0,0.0236525520228047,,,,,,,0.9900990099009901,0.0,0.2971542839879221,0.2971542839879221,0.7028457160120779,0.6958868475367108,0.086939609108592,1,0.1153174635757788,0.8846825364242212,0.8759233033903181,0.38807269418490264,0.7756733666903642,0.1772355004093416,0.9351853170587717,0,1,0,0.2971542839879226
58,29000,33000,34000,0.0042257124700724,0.0022337190316479,0.0099009900990099,2.097601791035464e-05,0.0003676593575361,TransactionID:0.9900:0.0e+00;TransactionDT:0.9900:0.0e+00;V160:0.1560:2.0e-17,TransactionID:16.5786;TransactionDT:16.5786;addr1:0.0463,,,,,1.0,0.0236525520228047,,,,,,,0.9900990099009901,0.0,0.2971542839879221,0.2971542839879221,0.7028457160120779,0.6958868475367108,0.086939609108592,1,0.1153174635757788,0.8846825364242212,0.8759233033903181,0.38807269418490264,0.7756733666903644,0.1772355004093416,0.9351853170587718,0,1,0,0.2971542839879226
59,29500,33500,34500,0.0004046418038721,0.0028689530131684,0.1287128712871287,-3.1410363715456137e-06,0.0004028448233116,TransactionID:0.9900:0.0e+00;TransactionDT:0.9900:0.0e+00;V150:0.1450:4.1e-15,TransactionID:16.5786;TransactionDT:16.5786;D9:1.2229,,,,,1.0,0.0236525520228047,,,,,,,0.8712871287128713,0.0,0.2971542839879221,0.2971542839879221,0.7028457160120779,0.6123804258323055,-0.6712117420567244,1,0.1153174635757788,0.8846825364242212,0.7708125069834799,0.38807269418490264,0.7718193041554469,0.17624894885166809,0.9304433581219481,0,1,0,0.2971542839879226
60,30000,34000,35000,0.0024836301569111,0.0030184639016783,0.0099009900990099,-1.422925329296998e-05,0.0003674674338698,TransactionID:0.9900:0.0e+00;TransactionDT:0.9900:0.0e+00;V159:0.1350:3.7e-13,TransactionDT:16.5786;TransactionID:16.5786;D9:1.5142,,,,,1.0,0.0236525520228047,,,,,,,0.9900990099009901,0.0,0.2971542839879221,0.2971542839879221,0.7028457160120779,0.6958868475367108,0.086939609108592,1,0.1153174635757788,0.8846825364242212,0.8759233033903181,0.38807269418490264,0.7739215200835836,0.17716232114940572,0.9333676091180487,0,1,0,0.2971542839879226
61,30500,34500,35500,0.0016350023590108,0.0030434568332809,0.0198019801980198,-5.944805276516751e-05,0.000424976921466,TransactionID:0.9900:0.0e+00;TransactionDT:0.9900:0.0e+00;V150:0.1350:3.7e-13,TransactionDT:16.5786;TransactionID:16.5786;D9:1.5142,,,,,1.0,0.0236525520228047,,,,,,,0.9801980198019802,0.0,0.2971542839879221,0.2971542839879221,0.7028457160120779,0.6889279790613436,0.0237603298448148,1,0.1153174635757788,0.8846825364242212,0.8671640703564149,0.38807269418490264,0.7746222587262959,0.1774947842909967,0.9343675645881929,0,1,0,0.2971542839879226
62,31000,35000,36000,0.000264989468055,0.0031925577926412,0.2475247524752475,1.6932976366963448e-05,0.0004657367693336,TransactionID:0.9900:0.0e+00;TransactionDT:0.9900:0.0e+00;V150:0.1330:8.9e-13,TransactionID:16.5786;TransactionDT:16.5786;V143:0.1674,31000.0,35000.0,36000.0,0.0208499697685691,0.0392156862745098,0.0229722707663154,200.0,160.0,40.0,0.0161082744598388,1.3735499382019043,,0.7524752475247525,0.9607843137254902,0.3032851474370626,0.3032851474370626,0.6967148525629374,0.81565229337992,1.1742851417714455,1,0.11980524524688185,0.8801947547531181,0.7774317662880809,0.39502509852297896,0.7808433075615341,0.17473727980636025,0.9381068593872584,0,1,0,0.3032851474370626
63,31500,35500,36500,0.001699645262847,0.0026131876206509,0.0099009900990099,-6.843053982401593e-06,0.0003359338740651,TransactionID:0.9900:0.0e+00;TransactionDT:0.9900:0.0e+00;V159:0.1440:6.5e-15,TransactionID:16.5786;TransactionDT:16.5786;D9:0.0745,,,,,1.0,0.0236525520228047,,,,,,,0.9900990099009901,0.0,0.2971542839879221,0.2971542839879221,0.7028457160120779,0.6958868475367108,0.086939609108592,1,0.1153174635757788,0.8846825364242212,0.8759233033903181,0.38807269418490264,0.7825951541683147,0.17546069349110946,0.9405097783103132,0,1,0,0.2971542839879226
64,32000,36000,37000,0.0019998431628769,0.0027342122130505,0.0198019801980198,8.272402690716608e-06,0.0004725983202029,TransactionID:0.9900:0.0e+00;TransactionDT:0.9900:0.0e+00;V159:0.1560:2.0e-17,TransactionID:16.5786;TransactionDT:16.5786;D9:0.0861,,,,,1.0,0.0236525520228047,,,,,,,0.9801980198019802,0.0,0.2971542839879221,0.2971542839879221,0.7028457160120779,0.6889279790613436,0.0237603298448148,1,0.1153174635757788,0.8846825364242212,0.8671640703564149,0.38807269418490264,0.801458993142017,0.15724213447170174,0.9429769141665485,0,1,0,0.2971542839879226
65,32500,36500,37500,0.0001591593473566,0.0027621406639818,0.2574257425742574,-1.1942879728781274e-05,0.0003379138101084,TransactionID:0.9900:0.0e+00;TransactionDT:0.9900:0.0e+00;V150:0.1550:3.2e-17,TransactionID:16.5786;TransactionDT:16.5786;V150:0.0432,,,,,1.0,0.0236525520228047,,,,,,,0.7425742574257426,0.0,0.2971542839879221,0.2971542839879221,0.7028457160120779,0.5219151356525331,-1.4925423724858158,0,0.1153174635757788,0.8846825364242212,0.6569424775427385,0.38807269418490264,0.7969041919643874,0.15969400516654544,0.9406287966142783,0,0,0,0.2971542839879226
66,33000,37000,38000,0.0004128986129263,0.0026595331729877,0.1287128712871287,-1.101226029662783e-05,0.0003814703971681,TransactionID:0.9900:0.0e+00;TransactionDT:0.9900:0.0e+00;V160:0.1580:7.1e-18,TransactionID:16.5786;TransactionDT:16.5786;D9:0.3745,,,,,1.0,0.0236525520228047,,,,,,,0.8712871287128713,0.0,0.2971542839879221,0.2971542839879221,0.7028457160120779,0.6123804258323055,-0.6712117420567244,1,0.1153174635757788,0.8846825364242212,0.7708125069834799,0.38807269418490264,0.7930501294294701,0.1591134642594674,0.9362522472629907,0,1,0,0.2971542839879226
67,33500,37500,38500,0.0010360489401688,0.0025720285150993,0.0693069306930693,7.674328154499754e-05,0.0004551151938858,TransactionID:0.9900:0.0e+00;TransactionDT:0.9900:0.0e+00;V164:0.1945:6.3e-27,TransactionID:16.5786;TransactionDT:16.5786;V164:1.9348,,,,,1.0,0.0236525520228047,,,,,,,0.9306930693069307,0.0,0.2971542839879221,0.2971542839879221,0.7028457160120779,0.6541336366845082,-0.2921360664740657,1,0.1153174635757788,0.8846825364242212,0.8233679051868991,0.38807269418490264,0.7916486521440456,0.15868537285267023,0.9344654877114488,0,1,0,0.2971542839879226
68,34000,38000,39000,0.0003769739970771,0.0026760461347313,0.1386138613861386,-9.744127982120876e-06,0.0003277739537538,TransactionID:0.9900:0.0e+00;TransactionDT:0.9900:0.0e+00;V160:0.1517:1.6e-16,TransactionID:16.5786;TransactionDT:16.5715;V164:0.1920,,,,,1.0,0.0236525520228047,,,,,,,0.8613861386138614,0.0,0.2971542839879221,0.2971542839879221,0.7028457160120779,0.6054215573569384,-0.7343910213205005,1,0.1153174635757788,0.8846825364242212,0.7620532739495767,0.38807269418490264,0.7870938509664158,0.15783297540861016,0.929143528834165,0,1,0,0.2971542839879226
69,34500,38500,39500,0.0005950424980329,0.0027071800275869,0.0693069306930693,-3.707443187460413e-05,0.0003349121524516,TransactionID:0.9900:0.0e+00;TransactionDT:0.9900:0.0e+00;V166:0.1527:9.9e-17,TransactionDT:16.5786;TransactionID:16.5786;V144:1.9114,,,,,1.0,0.0236525520228047,,,,,,,0.9306930693069307,0.0,0.2971542839879221,0.2971542839879221,0.7028457160120779,0.6541336366845082,-0.2921360664740657,1,0.1153174635757788,0.8846825364242212,0.8233679051868991,0.38807269418490264,0.7856923736809914,0.15734835873670192,0.9273058965440232,0,1,0,0.2971542839879226
70,35000,39000,40000,0.0040547429003903,0.0024764452115383,0.0099009900990099,-8.708606706881339e-05,0.0003443914070506,TransactionID:0.9900:0.0e+00;TransactionDT:0.9900:0.0e+00;D9:0.1832:6.2e-24,TransactionID:16.5786;TransactionDT:16.5786;V144:1.7640,35000.0,39000.0,40000.0,0.005659958788447,0.0980392156862745,0.030074642973153,200.0,160.0,40.0,0.0077722072601318,1.300895929336548,,0.9900990099009901,0.9019607843137255,0.2495343503733698,0.2495343503733698,0.7504656496266302,0.9681054950360104,2.5584014584085164,1,0.08304037500632955,0.9169596249936705,0.9827799785958312,0.33278133804856536,0.8046821521861692,0.15122136768480457,0.9407813831024934,1,1,0,0.24953435037336985
71,35500,39500,40500,0.0013635014907491,0.0024050563857396,0.0099009900990099,-3.98040022873758e-05,0.0003610404847166,TransactionID:0.9900:0.0e+00;TransactionDT:0.9900:0.0e+00;V160:0.1630:5.3e-19,TransactionID:16.5786;TransactionDT:16.5786;V166:1.6440,,,,,1.0,0.0236525520228047,,,,,,,0.9900990099009901,0.0,0.2971542839879221,0.2971542839879221,0.7028457160120779,0.6958868475367108,0.086939609108592,1,0.1153174635757788,0.8846825364242212,0.8759233033903181,0.38807269418490264,0.8306094819665226,0.0953110723832629,0.9163894471114592,0,1,0,0.2971542839879226
72,36000,40000,41000,0.0040299973038695,0.0025360783994621,0.0099009900990099,1.56311785467933e-06,0.0004217166519803,TransactionID:0.9900:0.0e+00;TransactionDT:0.9900:0.0e+00;V150:0.1410:2.6e-14,TransactionDT:16.5786;TransactionID:16.5786;V166:0.3484,,,,,1.0,0.0236525520228047,,,,,,,0.9900990099009901,0.0,0.2971542839879221,0.2971542839879221,0.7028457160120779,0.6958868475367108,0.086939609108592,1,0.1153174635757788,0.8846825364242212,0.8759233033903181,0.38807269418490264,0.826657321955659,0.0912135778564151,0.9087495420264325,0,1,0,0.2971542839879226
73,36500,40500,41500,0.0010849391252523,0.0025469835596809,0.0396039603960396,1.2986939585577506e-05,0.0003704992121258,TransactionID:0.9900:0.0e+00;TransactionDT:0.9900:0.0e+00;V150:0.1470:1.6e-15,TransactionDT:16.5786;TransactionID:16.5786;D9:1.5531,,,,,1.0,0.0236525520228047,,,,,,,0.9603960396039604,0.0,0.2971542839879221,0.2971542839879221,0.7028457160120779,0.6750102421106094,-0.1025982286827373,1,0.1153174635757788,0.8846825364242212,0.8496456042886085,0.38807269418490264,0.8259565833129467,0.09096665503945717,0.9078265728484582,0,1,0,0.2971542839879226
74,37000,41000,42000,0.0005774520697989,0.0026500134993391,0.1188118811881188,4.187414217935448e-05,0.0004270963103772,TransactionID:0.9900:0.0e+00;TransactionDT:0.9900:0.0e+00;D9:0.1465:2.0e-15,TransactionID:16.5786;TransactionDT:16.5786;D9:1.6093,,,,,1.0,0.0236525520228047,,,,,,,0.8811881188118812,0.0,0.2971542839879221,0.2971542839879221,0.7028457160120779,0.6193392943076726,-0.6080324627929472,1,0.1153174635757788,0.8846825364242212,0.779571740017383,0.38807269418490264,0.8256062139915906,0.09112762619538554,0.9076210775674376,0,1,0,0.2971542839879226
75,37500,41500,42500,0.0004214549807659,0.0027507556473149,0.1188118811881188,-4.930533237188506e-06,0.0003624961032102,TransactionID:0.9900:0.0e+00;TransactionDT:0.9900:0.0e+00;D9:0.1502:3.4e-16,TransactionID:16.5786;TransactionDT:16.5715;D9:1.6093,,,,,1.0,0.0236525520228047,,,,,,,0.8811881188118812,0.0,0.2971542839879221,0.2971542839879221,0.7028457160120779,0.6193392943076726,-0.6080324627929472,1,0.1153174635757788,0.8846825364242212,0.779571740017383,0.38807269418490264,0.8256062139915906,0.09112762619538554,0.9076210775674376,0,1,0,0.2971542839879226
76,38000,42000,43000,0.0003922345419129,0.002780434263754,0.198019801980198,-5.310225033008376e-06,0.0004570077056193,TransactionID:0.9900:0.0e+00;TransactionDT:0.9900:0.0e+00;D9:0.1792:6.5e-23,TransactionID:16.5786;TransactionDT:16.5786;D9:1.6938,,,,,1.0,0.0236525520228047,,,,,,,0.801980198019802,0.0,0.2971542839879221,0.2971542839879221,0.7028457160120779,0.5636683465047357,-1.113466696903158,0,0.1153174635757788,0.8846825364242212,0.7094978757461576,0.38807269418490264,0.8319128617760009,0.0761945962947497,0.9004879984412756,0,0,0,0.2971542839879226
77,38500,42500,43500,0.0023497535168579,0.0028930232226155,0.0198019801980198,4.532722966845704e-06,0.0005268358219545,TransactionID:0.9900:0.0e+00;TransactionDT:0.9900:0.0e+00;D9:0.1270:1.1e-11,TransactionID:16.5786;TransactionDT:16.5786;V166:1.6530,,,,,1.0,0.0236525520228047,,,,,,,0.9801980198019802,0.0,0.2971542839879221,0.2971542839879221,0.7028457160120779,0.6889279790613436,0.0237603298448148,1,0.1153174635757788,0.8846825364242212,0.8671640703564149,0.38807269418490264,0.837869140239055,0.07282266097913936,0.9034095351202804,0,1,0,0.2971542839879226
78,39000,43000,44000,0.0014935390825592,0.0029085996768997,0.0099009900990099,-1.637022469724414e-05,0.0003378304998344,TransactionID:0.9900:0.0e+00;TransactionDT:0.9898:0.0e+00;V165:0.1172:5.1e-10,TransactionID:16.5786;TransactionDT:16.5786;V165:1.6746,39000.0,43000.0,44000.0,-0.0037076809122669,0.7058823529411765,0.0304837313981389,200.0,160.0,40.0,0.009984016418457,1.48557710647583,,0.9900990099009901,0.2941176470588235,0.247012803795371,0.247012803795371,0.752987196204629,0.8181827020760231,1.197258617736466,1,0.08146191931051035,0.9185380806894896,0.9334030322795225,0.3297882460295239,0.8401683293946234,0.07486653383935878,0.9075482098500463,1,1,0,0.24701280379537105
79,39500,43500,44500,0.0007331877243945,0.0024028646548494,0.099009900990099,5.241333712265872e-05,0.000462362607814,TransactionID:0.9900:0.0e+00;TransactionDT:0.9900:0.0e+00;D9:0.1885:2.6e-25,TransactionDT:16.5786;TransactionID:16.5786;D9:2.1602,,,,,1.0,0.0236525520228047,,,,,,,0.900990099009901,0.0,0.2971542839879221,0.2971542839879221,0.7028457160120779,0.6332570312584068,-0.481673904265395,1,0.1153174635757788,0.8846825364242212,0.7970902060851894,0.38807269418490264,0.8373653748237742,0.07511470909152933,0.9049686130061505,0,1,0,0.2971542839879226
80,40000,44000,45000,0.0010941466120297,0.0024702108189783,0.0297029702970297,-3.28393683829975e-05,0.0003624718507,TransactionID:0.9900:0.0e+00;TransactionDT:0.9900:0.0e+00;D9:0.1730:2.3e-21,TransactionID:16.5786;TransactionDT:16.5786;D9:1.9049,,,,,1.0,0.0236525520228047,,,,,,,0.9702970297029703,0.0,0.2971542839879221,0.2971542839879221,0.7028457160120779,0.6819691105859765,-0.0394189494189612,1,0.1153174635757788,0.8846825364242212,0.8584048373225117,0.38807269418490264,0.8323083476510085,0.06902545642959354,0.8944312584376427,0,1,0,0.2971542839879226
81,40500,44500,45500,0.0012407507678231,0.0026252066666823,0.0396039603960396,7.547014506274596e-05,0.0004769980992021,TransactionID:0.9900:0.0e+00;TransactionDT:0.9900:0.0e+00;D9:0.1298:3.5e-12,TransactionID:16.5786;TransactionDT:16.5786;D9:1.9024,,,,,1.0,0.0236525520228047,,,,,,,0.9603960396039604,0.0,0.2971542839879221,0.2971542839879221,0.7028457160120779,0.6750102421106094,-0.1025982286827373,1,0.1153174635757788,0.8846825364242212,0.8496456042886085,0.38807269418490264,0.83125723968694,0.06855174287722109,0.892953808276439,0,1,0,0.2971542839879226
82,41000,45000,46000,0.0005838819861083,0.0025874322868112,0.0891089108910891,3.406899900924465e-05,0.0003765418023563,TransactionID:0.9900:0.0e+00;TransactionDT:0.9900:0.0e+00;V159:0.1318:1.5e-12,TransactionID:16.5786;TransactionDT:16.5786;V159:1.6223,,,,,1.0,0.0236525520228047,,,,,,,0.9108910891089109,0.0,0.2971542839879221,0.2971542839879221,0.7028457160120779,0.6402158997337739,-0.4184946250016189,1,0.1153174635757788,0.8846825364242212,0.8058494391190927,0.38807269418490264,0.8284542851160911,0.06809922804625645,0.8897435903577219,0,1,0,0.2971542839879226
83,41500,45500,46500,0.0016801684964877,0.0026904405264604,0.0099009900990099,1.107540020176323e-05,0.0003912945592164,TransactionID:0.9900:0.0e+00;TransactionDT:0.9900:0.0e+00;D9:0.1490:6.1e-16,TransactionID:16.5786;TransactionDT:16.5786;D9:1.6598,,,,,1.0,0.0236525520228047,,,,,,,0.9900990099009901,0.0,0.2971542839879221,0.2971542839879221,0.7028457160120779,0.6958868475367108,0.086939609108592,1,0.1153174635757788,0.8846825364242212,0.8759233033903181,0.38807269418490264,0.828454285116091,0.06809922804625645,0.8897435903577218,0,1,0,0.2971542839879226
84,42000,46000,47000,0.0020047216727399,0.0026365218249946,0.0099009900990099,1.9766246859131976e-05,0.0004187617605832,TransactionID:0.9900:0.0e+00;TransactionDT:0.9900:0.0e+00;D9:0.1837:4.6e-24,TransactionID:16.5786;TransactionDT:16.5786;D9:1.6598,,,,,1.0,0.0236525520228047,,,,,,,0.9900990099009901,0.0,0.2971542839879221,0.2971542839879221,0.7028457160120779,0.6958868475367108,0.086939609108592,1,0.1153174635757788,0.8846825364242212,0.8759233033903181,0.38807269418490264,0.8326587169723646,0.06765394990425305,0.8935472718861923,0,1,0,0.2971542839879226
85,42500,46500,47500,0.0017973169342846,0.0026759326534752,0.0198019801980198,-4.711460535494094e-05,0.0003859870377307,TransactionID:0.9900:0.0e+00;TransactionDT:0.9900:0.0e+00;D9:0.1398:4.6e-14,TransactionID:16.5786;TransactionDT:16.5786;V151:1.7832,,,,,1.0,0.0236525520228047,,,,,,,0.9801980198019802,0.0,0.2971542839879221,0.2971542839879221,0.7028457160120779,0.6889279790613436,0.0237603298448148,1,0.1153174635757788,0.8846825364242212,0.8671640703564149,0.38807269418490264,0.8323083476510085,0.06745136008973798,0.8930145717317727,0,1,0,0.2971542839879226
86,43000,47000,48000,0.0013687642066511,0.0027885240332346,0.0297029702970297,7.596832444815904e-05,0.0004911931494851,TransactionID:0.9900:0.0e+00;TransactionDT:0.9900:0.0e+00;V159:0.1182:3.5e-10,TransactionID:16.5786;TransactionDT:16.5786;V164:1.6657,43000.0,47000.0,48000.0,0.002533835358611,0.3333333333333333,0.0195530944305575,200.0,160.0,40.0,0.0159695148468017,1.3183314800262451,,0.9702970297029703,0.6666666666666667,0.3383740414784369,0.3383740414784369,0.6616259585215631,0.8675563966468113,1.6455203500301872,1,0.14689308457072223,0.8531069154292777,0.9256958291072395,0.43411451992272015,0.8346496180010415,0.06960212958380241,0.8972915346264637,1,1,0,0.3383740414784369
87,43500,47500,48500,0.0010640817524552,0.0025178332644946,0.0198019801980198,3.993290296135044e-05,0.0003784612074309,TransactionID:0.9900:0.0e+00;TransactionDT:0.9900:0.0e+00;D9:0.1380:1.0e-13,TransactionID:16.5786;TransactionDT:16.5786;V151:1.8531,,,,,1.0,0.0236525520228047,,,,,,,0.9801980198019802,0.0,0.2971542839879221,0.2971542839879221,0.7028457160120779,0.6889279790613436,0.0237603298448148,1,0.1153174635757788,0.8846825364242212,0.8671640703564149,0.38807269418490264,0.8382389101637748,0.06886875711571905,0.900220791567922,0,1,0,0.2971542839879226
88,44000,48000,49000,0.0002303132706531,0.0024014767299745,0.2574257425742574,2.2789877990319064e-05,0.0004022612262744,TransactionID:0.9900:0.0e+00;TransactionDT:0.9900:0.0e+00;D9:0.1278:8.1e-12,TransactionID:16.5786;TransactionDT:16.5786;D9:1.8517,,,,,1.0,0.0236525520228047,,,,,,,0.7425742574257426,0.0,0.2971542839879221,0.2971542839879221,0.7028457160120779,0.5219151356525331,-1.4925423724858158,0,0.1153174635757788,0.8846825364242212,0.6569424775427385,0.38807269418490264,0.8294796771298717,0.07696825880096374,0.898751110050739,0,0,0,0.2971542839879226
89,44500,48500,49500,0.0001922705458554,0.0027432363843397,0.2079207920792079,-7.699630650284118e-06,0.000364211553371,TransactionID:0.9900:0.0e+00;TransactionDT:0.9900:0.0e+00;D9:0.1085:1.2e-08,TransactionID:16.5786;TransactionDT:16.5715;D9:1.7986,,,,,1.0,0.0236525520228047,,,,,,,0.7920792079207921,0.0,0.2971542839879221,0.2971542839879221,0.7028457160120779,0.5567094780293687,-1.1766459761669343,0,0.1153174635757788,0.8846825364242212,0.7007386427122545,0.38807269418490264,0.8228226600241052,0.08053547419683005,0.8953045868012522,0,0,0,0.2971542839879226
90,45000,49000,50000,0.00038660227483,0.0024717313721094,0.1188118811881188,-1.2751056807178695e-05,0.0003130551212362,TransactionID:0.9900:0.0e+00;TransactionDT:0.9900:0.0e+00;V160:0.1040:5.7e-08,TransactionID:16.5786;TransactionDT:16.5786;V159:1.6223,,,,,1.0,0.0236525520228047,,,,,,,0.8811881188118812,0.0,0.2971542839879221,0.2971542839879221,0.7028457160120779,0.6193392943076726,-0.6080324627929472,1,0.1153174635757788,0.8846825364242212,0.779571740017383,0.38807269418490264,0.8277278305230911,0.07372976462826401,0.8940846186885287,0,1,0,0.2971542839879226
91,45500,49500,50500,0.0013129778725877,0.0025622185442911,0.0297029702970297,4.581999076354482e-05,0.0004475695594696,TransactionID:0.9900:0.0e+00;TransactionDT:0.9900:0.0e+00;D9:0.1583:6.2e-18,TransactionID:16.5786;TransactionDT:16.5786;V165:1.6397,,,,,1.0,0.0236525520228047,,,,,,,0.9702970297029703,0.0,0.2971542839879221,0.2971542839879221,0.7028457160120779,0.6819691105859765,-0.0394189494189612,1,0.1153174635757788,0.8846825364242212,0.8584048373225117,0.38807269418490264,0.8312315237366522,0.07301966388382365,0.8969492212320935,0,1,0,0.2971542839879226
92,46000,50000,51000,0.0022564739170729,0.0024874022652501,0.0099009900990099,8.427427895844941e-05,0.0004431434364122,TransactionID:0.9900:0.0e+00;TransactionDT:0.9900:0.0e+00;D9:0.1442:5.8e-15,TransactionID:16.5786;TransactionDT:16.5786;D9:1.7590,,,,,1.0,0.0236525520228047,,,,,,,0.9900990099009901,0.0,0.2971542839879221,0.2971542839879221,0.7028457160120779,0.6958868475367108,0.086939609108592,1,0.1153174635757788,0.8846825364242212,0.8759233033903181,0.38807269418490264,0.8333337396647891,0.07351783966340893,0.8994997953618571,0,1,0,0.2971542839879226
93,46500,50500,51500,0.0053230924049378,0.0026862614270015,0.0099009900990099,-2.078417364072882e-05,0.0003580706334686,TransactionID:0.9900:0.0e+00;TransactionDT:0.9900:0.0e+00;D9:0.1457:2.9e-15,TransactionDT:16.5786;TransactionID:16.5786;D9:1.7590,,,,,1.0,0.0236525520228047,,,,,,,0.9900990099009901,0.0,0.2971542839879221,0.2971542839879221,0.7028457160120779,0.6958868475367108,0.086939609108592,1,0.1153174635757788,0.8846825364242212,0.8759233033903181,0.38807269418490264,0.8378885408424188,0.07248065383836641,0.9031211292969485,0,1,0,0.2971542839879226
94,47000,51000,52000,0.0059412314492912,0.0027899083185596,0.0099009900990099,0.0001589876752061,0.0004640103746298,TransactionID:0.9900:0.0e+00;TransactionDT:0.9900:0.0e+00;C1:0.0920:2.5e-06,TransactionID:16.5786;TransactionDT:16.5786;addr1:0.0391,47000.0,51000.0,52000.0,0.0012656700702367,0.2745098039215686,0.0275404353046927,200.0,160.0,40.0,0.0083250999450683,1.2727336883544922,,0.9900990099009901,0.7254901960784315,0.2663794364548453,0.2663794364548453,0.7336205635451547,0.919612663193952,2.1181370424210963,1,0.09392690785546243,0.9060730921445376,0.9652451222273355,0.35260570074591413,0.8435636295240362,0.07656103805318591,0.9124685637719036,1,1,0,0.2663794364548453
95,47500,51500,52500,0.0040797592686065,0.0025629197869823,0.0099009900990099,-5.284721836320561e-05,0.0003202666446445,TransactionID:0.9900:0.0e+00;TransactionDT:0.9900:0.0e+00;D9:0.1363:2.2e-13,TransactionID:16.5786;TransactionDT:16.5786;D9:0.3299,,,,,1.0,0.0236525520228047,,,,,,,0.9900990099009901,0.0,0.2971542839879221,0.2971542839879221,0.7028457160120779,0.6958868475367108,0.086939609108592,1,0.1153174635757788,0.8846825364242212,0.8759233033903181,0.38807269418490264,0.8392893625158157,0.07148399439789237,0.9036249574739188,0,1,0,0.2971542839879226
96,48000,52000,53000,0.0043370010251384,0.0021545454852999,0.0099009900990099,-3.4916589203495275e-05,0.0004098783763562,TransactionID:0.9900:0.0e+00;TransactionDT:0.9900:0.0e+00;D9:0.1787:8.7e-23,TransactionID:16.5786;TransactionDT:16.5786;D9:0.4557,,,,,1.0,0.0236525520228047,,,,,,,0.9900990099009901,0.0,0.2971542839879221,0.2971542839879221,0.7028457160120779,0.6958868475367108,0.086939609108592,1,0.1153174635757788,0.8846825364242212,0.8759233033903181,0.38807269418490264,0.8392893625158157,0.07148399439789237,0.9036249574739188,0,1,0,0.2971542839879226
97,48500,52500,53500,0.0022384353361259,0.0026556953492109,0.0099009900990099,-3.8487598854455296e-05,0.0003458700869962,TransactionID:0.9900:0.0e+00;TransactionDT:0.9900:0.0e+00;D9:0.1520:1.4e-16,TransactionID:16.5786;TransactionDT:16.5786;D9:0.4516,,,,,1.0,0.0236525520228047,,,,,,,0.9900990099009901,0.0,0.2971542839879221,0.2971542839879221,0.7028457160120779,0.6958868475367108,0.086939609108592,1,0.1153174635757788,0.8846825364242212,0.8759233033903181,0.38807269418490264,0.8392893625158157,0.07148399439789237,0.9036249574739188,0,1,0,0.2971542839879226
98,49000,53000,54000,0.0021861632259922,0.0026570566746327,0.0099009900990099,-3.99361311929769e-05,0.0003312225597792,TransactionID:0.9900:0.0e+00;TransactionDT:0.9900:0.0e+00;D9:0.1170:5.6e-10,TransactionDT:16.5786;TransactionID:16.5786;D9:0.1575,,,,,1.0,0.0236525520228047,,,,,,,0.9900990099009901,0.0,0.2971542839879221,0.2971542839879221,0.7028457160120779,0.6958868475367108,0.086939609108592,1,0.1153174635757788,0.8846825364242212,0.8759233033903181,0.38807269418490264,0.8403404704798841,0.07182094668228331,0.9049793224939391,0,1,0,0.2971542839879226
99,49500,53500,54500,0.0011416323911095,0.0025882330239945,0.0198019801980198,-8.55813087782864e-05,0.0003278289389414,TransactionID:0.9900:0.0e+00;TransactionDT:0.9900:0.0e+00;D9:0.0875:9.1e-06,TransactionID:16.5786;TransactionDT:16.5786;D9:1.5881,,,,,1.0,0.0236525520228047,,,,,,,0.9801980198019802,0.0,0.2971542839879221,0.2971542839879221,0.7028457160120779,0.6889279790613436,0.0237603298448148,1,0.1153174635757788,0.8846825364242212,0.8671640703564149,0.38807269418490264,0.8438441636934452,0.07090161629001918,0.9076556183544624,0,1,0,0.2971542839879226
100,50000,54000,55000,0.0005101314852555,0.0022570645018092,0.004975124378109453,2.625974840773316e-05,0.00037075217311,TransactionID:0.9900:0.0e+00;TransactionDT:0.9900:0.0e+00;D9:0.1832:6.2e-24,TransactionID:16.5786;TransactionDT:16.5786;D9:1.6775,,,,,0.2231404958677686,0.03180542999704046,,,,,,,0.9950248756218906,0.7768595041322314,0.2971542839879221,0.2971542839879221,0.7028457160120779,0.5984626888815713,-0.7975703005842766,0,0.07665885441279793,0.923341145587202,0.9783005681709508,0.32047563715637234,0.851793316819588,0.07430850131382803,0.9186709680020333,1,0,1,0.2392033762472657
101,50500,54500,55500,0.0009455558449302,0.0023393979041064,0.004975124378109453,3.1733958919675235e-05,0.0004390016927446,TransactionID:0.9900:0.0e+00;TransactionDT:0.9900:0.0e+00;D9:0.2032:2.2e-29,TransactionID:16.5786;TransactionDT:16.5786;D9:1.6775,,,,,0.04132231404958678,0.02094196599581864,,,,,,,0.9950248756218906,0.9586776859504132,0.2971542839879221,0.2971542839879221,0.7028457160120779,0.6610925051598752,-0.2289567872102905,1,0.1348781267423472,0.8651218732576528,0.9901224347666528,0.41733944109589627,0.8630182991804078,0.07315211023187031,0.9288551983890911,1,1,1,0.32318566965099016
102,51000,55000,56000,0.0020626170478816,0.0024782984398165,0.004975124378109453,-1.4600737488330573e-05,0.0003444774715797,TransactionID:0.9900:0.0e+00;TransactionDT:0.9900:0.0e+00;D9:0.1722:3.5e-21,TransactionDT:16.5786;TransactionID:16.5786;D9:1.6775,51000.0,55000.0,56000.0,0.0138300722151231,0.2809917355371901,0.018599485299140177,200.0,160.0,40.0,0.0,1.290930986404419,,0.9950248756218906,0.71900826446281,0.3464728329609797,0.3464728329609797,0.6535271670390203,0.9595615091896168,2.4808309640492894,1,0.1560991065103182,0.8439008934896818,0.9519389292379521,0.4464354101560425,0.8664092935356693,0.07520186187792005,0.9340909692257974,1,1,1,0.34965664228058635
103,51500,55500,56500,0.0010889181890292,0.0025496544205802,0.004975124378109453,4.788147145218469e-05,0.000496085916656,TransactionID:0.9900:0.0e+00;TransactionDT:0.9900:0.0e+00;M4_freq:0.1080:1.5e-08,TransactionID:16.5786;TransactionDT:16.5786;D9:0.2674,,,,,0.4214876033057851,0.025407703522871968,,,,,,,0.9950248756218906,0.578512396694215,0.2971542839879221,0.2971542839879221,0.7028457160120779,0.6819691105859765,-0.0394189494189612,1,0.10484055948876513,0.8951594405112349,0.9513574742970605,0.37121634472838416,0.8671274712163708,0.07592052124476176,0.9354559403366564,1,1,1,0.28242441632109727
104,52000,56000,57000,0.0016441638487927,0.0024364643413854,0.004975124378109453,1.7590623036580765e-05,0.000334736835608,TransactionID:0.9900:0.0e+00;TransactionDT:0.9900:0.0e+00;D9:0.1945:6.3e-27,TransactionID:16.5786;TransactionDT:16.5715;D9:0.7034,,,,,0.5454545454545454,0.02453987531066028,,,,,,,0.9950248756218906,0.4545454545454546,0.2971542839879221,0.2971542839879221,0.7028457160120779,0.6958868475367108,0.086939609108592,1,0.10983359484283892,0.8901664051571611,0.9356620778664893,0.3793638670523706,0.8726703460876228,0.07566289074773189,0.9407669477605816,0,1,1,0.28952044298851626
105,52500,56500,57500,0.0047063853245084,0.0019995221470252,0.004975124378109453,7.46452469743475e-05,0.0004266849600475,TransactionID:0.9900:0.0e+00;TransactionDT:0.9900:0.0e+00;D9:0.2437:3.3e-42,TransactionDT:16.5786;TransactionID:16.5786;D9:2.4557,,,,,0.03305785123966942,0.02039323510391501,,,,,,,0.9950248756218906,0.9669421487603306,0.2971542839879221,0.2971542839879221,0.7028457160120779,0.6958868475367108,0.086939609108592,1,0.13944214943971692,0.8605578505602831,0.9911089598261862,0.42380980310321986,0.8779785109877697,0.07905481921461503,0.9491278482809232,1,1,1,0.32902058522170485
106,53000,57000,58000,0.0030231096227737,0.0021883395007848,0.004975124378109453,-7.420590257827264e-06,0.0003282451329219,TransactionID:0.9900:0.0e+00;TransactionDT:0.9900:0.0e+00;D9:0.1885:2.6e-25,TransactionID:16.5786;TransactionDT:16.5786;D9:2.3850,,,,,0.6611570247933884,0.027442638509666103,,,,,,,0.9950248756218906,0.33884297520661155,0.2971542839879221,0.2971542839879221,0.7028457160120779,0.6958868475367108,0.086939609108592,1,0.09438922917226188,0.9056107708277381,0.9330883718449025,0.3534181786844003,0.8813162216900216,0.07954808517362506,0.9529094983462841,0,1,1,0.26707519551944364
107,53500,57500,58500,0.0025651382110993,0.0025824538359286,0.004975124378109453,1.2889999080298863e-05,0.0003746809689109,TransactionID:0.9900:0.0e+00;TransactionDT:0.9898:0.0e+00;D9:0.1140:1.7e-09,TransactionID:16.5786;TransactionDT:16.5786;D9:2.0258,,,,,0.049586776859504134,0.030772646511503066,,,,,,,0.9950248756218906,0.9504132231404958,0.2971542839879221,0.2971542839879221,0.7028457160120779,0.6958868475367108,0.086939609108592,1,0.08037413900716942,0.9196258609928306,0.9914392524640114,0.32770663581583953,0.8887398142238183,0.08080879898929397,0.9614677333141829,1,1,1,0.24526247021844583
108,54000,58000,59000,0.0067256105431203,0.00255021521039,0.004975124378109453,1.6842983525422462e-06,0.0003917146244448,TransactionID:0.9900:0.0e+00;TransactionDT:0.9900:0.0e+00;D9:0.1207:1.3e-10,TransactionID:16.5786;TransactionDT:16.5715;D9:3.7286,,,,,0.4049586776859504,0.028647754444312338,,,,,,,0.9950248756218906,0.5950413223140496,0.2971542839879221,0.2971542839879221,0.7028457160120779,0.6958868475367108,0.086939609108592,1,0.088921153666787,0.911078846333213,0.9594578766140165,0.3436602911564208,0.8920811971527662,0.08192904497274094,0.9658173376282331,0,1,1,0.2587472453322038
109,54500,58500,59500,0.0079930113243191,0.003423516788864,0.004975124378109453,5.709613134092351e-05,0.0004733758564755,TransactionID:0.9900:0.0e+00;TransactionDT:0.9900:0.0e+00;D9:0.1207:1.3e-10,TransactionDT:16.5786;TransactionID:16.5786;D9:1.9758,,,,,0.4462809917355372,0.026722328058895753,,,,,,,0.9950248756218906,0.5537190082644627,0.2971542839879221,0.2971542839879221,0.7028457160120779,0.6958868475367108,0.086939609108592,1,0.0979022154095939,0.9020977845904061,0.9518200535343461,0.3595197271702168,0.8951170671585273,0.08267682892256539,0.9695262131888363,0,1,1,0.27231388992248956
110,55000,59000,60000,0.0074992865230401,0.0032348437656394,0.004975124378109453,1.5962290508209076e-05,0.0004946823808197,TransactionID:0.9900:0.0e+00;TransactionDT:0.9898:0.0e+00;D9:0.1517:1.6e-16,TransactionID:16.5786;TransactionDT:16.5786;D9:1.7575,55000.0,59000.0,60000.0,0.0007590733414583,0.371900826446281,0.02683487439817327,200.0,160.0,40.0,0.0077760219573974,1.2937796115875244,,0.9950248756218906,0.628099173553719,0.2714818541969667,0.2714818541969667,0.7285181458030333,0.8756771295939401,1.7192481488108835,1,0.09734050530115806,0.902659494698842,0.9593081423745926,0.3585525286361665,0.8988028300392544,0.08339926952297141,0.9738621726099287,0,1,1,0.27148185419696835
111,55500,59500,60500,0.0045342153741185,0.0031515221336907,0.004975124378109453,1.0298469767628938e-05,0.000420807742206,TransactionID:0.9900:0.0e+00;TransactionDT:0.9900:0.0e+00;D9:0.1867:7.6e-25,TransactionDT:16.5786;TransactionID:16.5786;D9:1.7388,,,,,0.36363636363636365,0.025349182160252514,,,,,,,0.9950248756218906,0.6363636363636364,0.2971542839879221,0.2971542839879221,0.7028457160120779,0.6958868475367108,0.086939609108592,1,0.10516643503012076,0.8948335649698792,0.9573057517056147,0.3717547468757511,0.9000672269431895,0.08403459879846951,0.9756983658618121,0,1,1,0.2828919762664652
112,56000,60000,61000,0.008324116226843,0.0024313486634277,0.004975124378109453,-1.0494490235752885e-05,0.0003295522774765,TransactionID:0.9900:0.0e+00;TransactionDT:0.9900:0.0e+00;D9:0.1817:1.5e-23,TransactionDT:16.5786;TransactionID:16.5786;D9:1.9792,,,,,0.08264462809917356,0.02245079944168055,,,,,,,0.9950248756218906,0.9173553719008265,0.2971542839879221,0.2971542839879221,0.7028457160120779,0.6958868475367108,0.086939609108592,1,0.12342546326993915,0.8765745367300608,0.985438481143172,0.40052549542922045,0.9047982033746598,0.0853677748944927,0.9816292007797032,1,1,1,0.3081588180489511
113,56500,60500,61500,0.0061615415655367,0.0022775552522805,0.004975124378109453,7.922148894945469e-06,0.0003637147513926,TransactionID:0.9900:0.0e+00;TransactionDT:0.9900:0.0e+00;D10:0.2010:9.7e-29,TransactionID:16.5786;TransactionDT:16.5786;C2:0.9795,,,,,0.05785123966942149,0.020395466112336776,,,,,,,0.9950248756218906,0.9421487603305785,0.2971542839879221,0.2971542839879221,0.7028457160120779,0.6958868475367108,0.086939609108592,1,0.139423125951769,0.860576874048231,0.9876527223397897,0.42378308998586967,0.9180266131665418,0.07021369228452386,0.9812189362226132,1,1,1,0.32899643531415523
114,57000,61000,62000,0.0027648118646588,0.0023279367027882,0.004975124378109453,0.0001534820411488,0.0004950537825811,TransactionID:0.9900:0.0e+00;TransactionDT:0.9900:0.0e+00;D9:0.1715:5.3e-21,TransactionID:16.5786;TransactionDT:16.5786;C2:0.7700,,,,,0.04132231404958678,0.026127991795834474,,,,,,,0.9950248756218906,0.9586776859504132,0.2971542839879221,0.2971542839879221,0.7028457160120779,0.6958868475367108,0.086939609108592,1,0.10095083912802377,0.8990491608719762,0.9913555963246095,0.3647151087536084,0.9296512913110361,0.05586906611835254,0.9799334508175533,1,1,1,0.27679368555094164
115,57500,61500,62500,0.0080521573945728,0.0019092095199801,0.0099009900990099,-4.929220488167685e-05,0.0003436299458192,TransactionID:0.9900:0.0e+00;TransactionDT:0.9900:0.0e+00;D9:0.2265:1.9e-36,TransactionDT:16.5786;TransactionID:16.5786;C2:0.5160,,,,,1.0,0.0236525520228047,,,,,,,0.9900990099009901,0.0,0.2971542839879221,0.2971542839879221,0.7028457160120779,0.6958868475367108,0.086939609108592,1,0.1153174635757788,0.8846825364242212,0.8759233033903181,0.38807269418490264,0.9335053538459533,0.04817687982522301,0.976864545688654,0,1,0,0.2971542839879226
116,58000,62000,63000,0.004862923305515,0.0018805844484182,0.0099009900990099,-3.646614227867939e-05,0.0002865433939651,TransactionID:0.9900:0.0e+00;TransactionDT:0.9900:0.0e+00;D9:0.1775:1.8e-22,TransactionID:16.5786;TransactionDT:16.5786;D9:1.9035,,,,,1.0,0.0236525520228047,,,,,,,0.9900990099009901,0.0,0.2971542839879221,0.2971542839879221,0.7028457160120779,0.6958868475367108,0.086939609108592,1,0.1153174635757788,0.8846825364242212,0.8759233033903181,0.38807269418490264,0.9342060924886657,0.0471968739764838,0.9766832790675011,0,1,0,0.2971542839879226
117,58500,62500,63500,0.0029250202621218,0.0022254849320687,0.0099009900990099,4.615237909089576e-05,0.0003910299860666,TransactionID:0.9900:0.0e+00;TransactionDT:0.9900:0.0e+00;V160:0.1250:2.5e-11,TransactionDT:16.5786;TransactionID:16.5786;D9:1.7920,58500.0,62500.0,63500.0,0.0069631910418427,0.1764705882352941,0.0323530947055539,200.0,160.0,40.0,0.0057587623596191,1.3096694946289062,,0.9900990099009901,0.8235294117647058,0.2361102552313032,0.2361102552313032,0.7638897447686968,0.9507702195712564,2.401015208965943,1,0.07479244705447895,0.925207552945521,0.9776408620514961,0.31676915931164956,0.9382747948351128,0.04637432913200859,0.9800116910539205,0,1,0,0.23611025523130327
118,59000,63000,64000,0.0014395218500662,0.0023962476818764,0.0099009900990099,-8.276739946389e-07,0.0003716978192234,TransactionID:0.9900:0.0e+00;TransactionDT:0.9900:0.0e+00;D9:0.1065:2.4e-08,TransactionID:16.5786;TransactionDT:16.5786;D9:1.7061,,,,,1.0,0.0236525520228047,,,,,,,0.9900990099009901,0.0,0.2971542839879221,0.2971542839879221,0.7028457160120779,0.6958868475367108,0.086939609108592,1,0.1153174635757788,0.8846825364242212,0.8759233033903181,0.38807269418490264,0.9382747948351127,0.04637432913200859,0.9800116910539204,0,1,0,0.2971542839879226
119,59500,63500,64500,0.0004980576267652,0.002353296600116,0.1287128712871287,1.1664483356002008e-05,0.0003772761522176,TransactionID:0.9900:0.0e+00;TransactionDT:0.9900:0.0e+00;D9:0.1115:4.2e-09,TransactionDT:16.5786;TransactionID:16.5786;D9:1.6898,,,,,1.0,0.0236525520228047,,,,,,,0.8712871287128713,0.0,0.2971542839879221,0.2971542839879221,0.7028457160120779,0.6123804258323055,-0.6712117420567244,1,0.1153174635757788,0.8846825364242212,0.7708125069834799,0.38807269418490264,0.9304974902253587,0.05641578420234298,0.9812716960074673,0,1,0,0.2971542839879226
120,60000,64000,65000,0.0002188630189088,0.0023539853932919,0.2574257425742574,3.958374460329095e-05,0.0004020254353224,TransactionID:0.9900:0.0e+00;TransactionDT:0.9900:0.0e+00;D9:0.1557:2.2e-17,TransactionID:16.5786;TransactionDT:16.5786;D9:1.6898,,,,,1.0,0.0236525520228047,,,,,,,0.7425742574257426,0.0,0.2971542839879221,0.2971542839879221,0.7028457160120779,0.5219151356525331,-1.4925423724858158,0,0.1153174635757788,0.8846825364242212,0.6569424775427385,0.38807269418490264,0.9217382571914554,0.07733160199831896,0.9913366989899425,0,0,0,0.2971542839879226
121,60500,64500,65500,-8.250369898155085e-05,0.0022151132084151,0.5643564356435643,9.373533999923466e-06,0.0003531616795661,TransactionID:0.9900:0.0e+00;TransactionDT:0.9900:0.0e+00;D9:0.1492:5.4e-16,TransactionDT:16.5786;TransactionID:16.5786;V143:1.6614,,,,,1.0,0.0236525520228047,,,,,,,0.4356435643564357,0.0,0.2971542839879221,0.2971542839879221,0.7028457160120779,0.3061902129161528,-3.4511000296628813,0,0.1153174635757788,0.8846825364242212,0.38540625349174,0.38807269418490264,0.9021175751955123,0.13045047272306268,1.0195230006462688,0,0,0,0.2971542839879226
122,61000,65000,66000,6.48388378092779e-05,0.0022375273159462,0.3663366336633663,-9.394941228313414e-06,0.0003803187151093,TransactionID:0.9900:0.0e+00;TransactionDT:0.9900:0.0e+00;V150:0.1130:2.5e-09,TransactionID:16.5786;TransactionDT:16.5786;V143:1.6874,,,,,1.0,0.0236525520228047,,,,,,,0.6336633663366338,0.0,0.2971542839879221,0.2971542839879221,0.7028457160120779,0.445367582423495,-2.1875144443873547,0,0.1153174635757788,0.8846825364242212,0.5605909141698037,0.38807269418490264,0.8895042796266917,0.1466165182413042,1.0214591460438653,0,0,0,0.2971542839879226
123,61500,65500,66500,0.0020362049004323,0.0019522833215429,0.0099009900990099,-1.2809601742513887e-05,0.0003800148456635,TransactionID:0.9900:0.0e+00;TransactionDT:0.9900:0.0e+00;D9:0.1900:1.0e-25,TransactionID:16.5786;TransactionDT:16.5786;V143:1.6353,,,,,1.0,0.0236525520228047,,,,,,,0.9900990099009901,0.0,0.2971542839879221,0.2971542839879221,0.7028457160120779,0.6958868475367108,0.086939609108592,1,0.1153174635757788,0.8846825364242212,0.8759233033903181,0.38807269418490264,0.8895042796266917,0.1466165182413042,1.0214591460438653,0,1,0,0.2971542839879226
124,62000,66000,67000,0.0039362480171147,0.0020608339827665,0.0099009900990099,-1.4009262617868943e-05,0.0003728956930717,TransactionID:0.9900:0.0e+00;TransactionDT:0.9900:0.0e+00;D9:0.1643:2.7e-19,TransactionID:16.5786;TransactionDT:16.5786;V150:1.6223,,,,,1.0,0.0236525520228047,,,,,,,0.9900990099009901,0.0,0.2971542839879221,0.2971542839879221,0.7028457160120779,0.6958868475367108,0.086939609108592,1,0.1153174635757788,0.8846825364242212,0.8759233033903181,0.38807269418490264,0.8898546489480478,0.1465731727880415,1.0217705044572851,0,1,0,0.2971542839879226
125,62500,66500,67500,0.000742480514533,0.0023746843224881,0.0594059405940594,-5.395217209992032e-05,0.0004007473879614,TransactionID:0.9900:0.0e+00;TransactionDT:0.9900:0.0e+00;V144:0.1123:3.2e-09,TransactionID:16.5786;TransactionDT:16.5786;V150:1.6527,62500.0,66500.0,67500.0,-0.0012126655300978,0.4509803921568627,0.0291316402899133,200.0,160.0,40.0,0.0077722072601318,1.3137335777282717,,0.9405940594059405,0.5490196078431373,0.2555476828126238,0.2555476828126238,0.7444523171873763,0.8405281156604423,1.4001317040883572,1,0.08685866233787289,0.9131413376621271,0.9065824263375092,0.33989219304156476,0.8869859232747102,0.14551203012305367,1.0179467503854585,0,1,0,0.2555476828126238
126,63000,67000,68000,0.0002170996898005,0.0025450408868381,0.2079207920792079,-2.6319154036911207e-05,0.0003719071980151,TransactionID:0.9900:0.0e+00;TransactionDT:0.9900:0.0e+00;V150:0.1050:4.1e-08,TransactionDT:16.5786;TransactionID:16.5786;V144:1.6397,,,,,1.0,0.0236525520228047,,,,,,,0.7920792079207921,0.0,0.2971542839879221,0.2971542839879221,0.7028457160120779,0.5567094780293687,-1.1766459761669343,0,0.1153174635757788,0.8846825364242212,0.7007386427122545,0.38807269418490264,0.8754105715925341,0.14833003244297402,1.0089076007912108,0,0,0,0.2971542839879226
127,63500,67500,68500,0.000343168588428,0.002395650904981,0.1683168316831683,-9.23943984237452e-06,0.0004094292221687,TransactionID:0.9900:0.0e+00;TransactionDT:0.9900:0.0e+00;D9:0.1373:1.4e-13,TransactionID:16.5786;TransactionDT:16.5786;D9:1.7801,,,,,1.0,0.0236525520228047,,,,,,,0.8316831683168318,0.0,0.2971542839879221,0.2971542839879221,0.7028457160120779,0.5845449519308371,-0.9239288591118288,0,0.1153174635757788,0.8846825364242212,0.7357755748478673,0.38807269418490264,0.8667640374169308,0.1499089379688982,1.0016820815889391,0,0,0,0.2971542839879226
128,64000,68000,69000,0.0003706973616384,0.0021844813871011,0.1188118811881188,-2.281766654805173e-05,0.0003718022349912,TransactionID:0.9900:0.0e+00;TransactionDT:0.9900:0.0e+00;D9:0.1685:2.8e-20,TransactionID:16.5786;TransactionDT:16.5786;D9:1.7544,,,,,1.0,0.0236525520228047,,,,,,,0.8811881188118812,0.0,0.2971542839879221,0.2971542839879221,0.7028457160120779,0.6193392943076726,-0.6080324627929472,1,0.1153174635757788,0.8846825364242212,0.779571740017383,0.38807269418490264,0.8598926080457437,0.14981098433647816,0.9947224939485741,0,1,0,0.2971542839879226
129,64500,68500,69500,0.0016046035356624,0.0021944834924869,0.0099009900990099,-3.129584756083492e-05,0.0003382337847686,TransactionID:0.9900:0.0e+00;TransactionDT:0.9900:0.0e+00;D9:0.1113:4.6e-09,TransactionID:16.5786;TransactionDT:16.5786;D9:0.2525,,,,,1.0,0.0236525520228047,,,,,,,0.9900990099009901,0.0,0.2971542839879221,0.2971542839879221,0.7028457160120779,0.6958868475367108,0.086939609108592,1,0.1153174635757788,0.8846825364242212,0.8759233033903181,0.38807269418490264,0.8575030570666968,0.14905790787286524,0.9916551741522756,0,1,0,0.2971542839879226
130,65000,69000,70000,0.0015766857134928,0.0023650711708292,0.0099009900990099,1.964147961458496e-05,0.0003433591358302,TransactionID:0.9900:0.0e+00;TransactionDT:0.9900:0.0e+00;D9:0.1368:1.7e-13,TransactionID:16.5786;TransactionDT:16.5786;D9:0.3135,,,,,1.0,0.0236525520228047,,,,,,,0.9900990099009901,0.0,0.2971542839879221,0.2971542839879221,0.7028457160120779,0.6958868475367108,0.086939609108592,1,0.1153174635757788,0.8846825364242212,0.8759233033903181,0.38807269418490264,0.8528956308092621,0.14661712809769423,0.9848510460971869,0,1,0,0.2971542839879226
131,65500,69500,70500,0.002632633223673,0.002042930974419,0.0099009900990099,-4.641998419707916e-05,0.0003635791140369,TransactionID:0.9900:0.0e+00;TransactionDT:0.9900:0.0e+00;D9:0.1938:1.0e-26,TransactionID:16.5786;TransactionDT:16.5786;D9:2.2478,,,,,1.0,0.0236525520228047,,,,,,,0.9900990099009901,0.0,0.2971542839879221,0.2971542839879221,0.7028457160120779,0.6958868475367108,0.086939609108592,1,0.1153174635757788,0.8846825364242212,0.8759233033903181,0.38807269418490264,0.8506090280710787,0.14579207666783903,0.9818218970721339,0,1,0,0.2971542839879226
132,66000,70000,71000,0.0057031532087108,0.0019993967699684,0.0099009900990099,-2.464028569838073e-05,0.0003647844120702,TransactionID:0.9900:0.0e+00;TransactionDT:0.9900:0.0e+00;D9:0.1618:1.0e-18,TransactionID:16.5786;TransactionDT:16.5786;D9:2.2282,,,,,1.0,0.0236525520228047,,,,,,,0.9900990099009901,0.0,0.2971542839879221,0.2971542839879221,0.7028457160120779,0.6958868475367108,0.086939609108592,1,0.1153174635757788,0.8846825364242212,0.8759233033903181,0.38807269418490264,0.845988390108131,0.14306042688749182,0.9747427743068736,0,1,0,0.2971542839879226
133,66500,70500,71500,0.0020642376013808,0.002471199810438,0.0099009900990099,3.070618663332248e-06,0.0004286641693571,TransactionID:0.9900:0.0e+00;TransactionDT:0.9900:0.0e+00;D9:0.1353:3.4e-13,TransactionID:16.5786;TransactionDT:16.5786;D9:1.7963,66500.0,70500.0,71500.0,-0.0010381592434667,0.5686274509803921,0.0329927052995562,200.0,160.0,40.0,0.0060117244720458,1.3082196712493896,,0.9900990099009901,0.43137254901960786,0.2325975983853854,0.2325975983853854,0.7674024016146146,0.8601405769456145,1.57819242947382,1,0.0726977975957722,0.9273022024042278,0.9494808267364332,0.31254749877219695,0.8455893081130277,0.14275692935072093,0.9740705445286766,0,1,0,0.2325975983853854
134,67000,71000,72000,0.0019865552870135,0.0022090499087075,0.0099009900990099,1.5522735758788376e-05,0.0003934493787319,TransactionID:0.9900:0.0e+00;TransactionDT:0.9900:0.0e+00;D9:0.2177:1.1e-33,TransactionID:16.5786;TransactionDT:16.5786;D9:4.2426,,,,,1.0,0.0236525520228047,,,,,,,0.9900990099009901,0.0,0.2971542839879221,0.2971542839879221,0.7028457160120779,0.6958868475367108,0.086939609108592,1,0.1153174635757788,0.8846825364242212,0.8759233033903181,0.38807269418490264,0.8425534381072666,0.1412647570019621,0.9696917194090324,0,1,0,0.2971542839879226
135,67500,71500,72500,0.0044200768212219,0.002174435735504,0.0099009900990099,4.7483628505151644e-06,0.0004902672559748,TransactionID:0.9900:0.0e+00;TransactionDT:0.9900:0.0e+00;D9:0.2045:9.6e-30,TransactionID:16.5786;TransactionDT:16.5786;D9:2.0054,,,,,1.0,0.0236525520228047,,,,,,,0.9900990099009901,0.0,0.2971542839879221,0.2971542839879221,0.7028457160120779,0.6958868475367108,0.086939609108592,1,0.1153174635757788,0.8846825364242212,0.8759233033903181,0.38807269418490264,0.8392180445478956,0.13944132170287912,0.9647152340804868,0,1,0,0.2971542839879226
136,68000,72000,73000,0.0037366987341826,0.0022218958118347,0.0099009900990099,-4.471928068720876e-05,0.000378607431384,TransactionID:0.9900:0.0e+00;TransactionDT:0.9900:0.0e+00;D9:0.1830:7.2e-24,TransactionID:16.5786;TransactionDT:16.5786;D9:2.2196,,,,,1.0,0.0236525520228047,,,,,,,0.9900990099009901,0.0,0.2971542839879221,0.2971542839879221,0.7028457160120779,0.6958868475367108,0.086939609108592,1,0.1153174635757788,0.8846825364242212,0.8759233033903181,0.38807269418490264,0.8359627466152837,0.1375841124963658,0.9597884478620129,0,1,0,0.2971542839879226
137,68500,72500,73500,0.0008532698782637,0.0022059720680631,0.0297029702970297,1.2491222788237888e-05,0.000419376636845,TransactionID:0.9900:0.0e+00;TransactionDT:0.9900:0.0e+00;D9:0.2520:4.0e-45,TransactionID:16.5786;TransactionDT:16.5786;D9:2.2509,,,,,1.0,0.0236525520228047,,,,,,,0.9702970297029703,0.0,0.2971542839879221,0.2971542839879221,0.7028457160120779,0.6819691105859765,-0.0394189494189612,1,0.1153174635757788,0.8846825364242212,0.8584048373225117,0.38807269418490264,0.8308814008624573,0.13427581325636892,0.9517296327931893,0,1,0,0.2971542839879226
138,69000,73000,74000,0.0017776209319675,0.0021807717543487,0.0099009900990099,-2.649191298842446e-06,0.0003669551689302,TransactionID:0.9900:0.0e+00;TransactionDT:0.9900:0.0e+00;D9:0.2875:8.2e-59,TransactionID:16.5786;TransactionDT:16.5786;D9:2.2534,,,,,1.0,0.0236525520228047,,,,,,,0.9900990099009901,0.0,0.2971542839879221,0.2971542839879221,0.7028457160120779,0.6958868475367108,0.086939609108592,1,0.1153174635757788,0.8846825364242212,0.8759233033903181,0.38807269418490264,0.8264122241044783,0.13079786509950536,0.9441303026940332,0,1,0,0.2971542839879226
139,69500,73500,74500,0.0028669094360556,0.0021566036324899,0.0099009900990099,-3.9369251520955385e-05,0.0003687772999857,TransactionID:0.9900:0.0e+00;TransactionDT:0.9900:0.0e+00;D9:0.2595:7.4e-48,TransactionID:16.5786;TransactionDT:16.5786;D9:1.9539,,,,,1.0,0.0236525520228047,,,,,,,0.9900990099009901,0.0,0.2971542839879221,0.2971542839879221,0.7028457160120779,0.6958868475367108,0.086939609108592,1,0.1153174635757788,0.8846825364242212,0.8759233033903181,0.38807269418490264,0.8217949323871068,0.12687223245885246,0.935979941600074,0,1,0,0.2971542839879226
140,70000,74000,75000,0.0051739252576088,0.0024721324824064,0.0099009900990099,8.449322404791015e-06,0.0003600572515694,TransactionID:0.9900:0.0e+00;TransactionDT:0.9900:0.0e+00;D9:0.1578:8.0e-18,TransactionDT:16.5786;TransactionID:16.5786;D9:0.4522,,,,,1.0,0.0236525520228047,,,,,,,0.9900990099009901,0.0,0.2971542839879221,0.2971542839879221,0.7028457160120779,0.6958868475367108,0.086939609108592,1,0.1153174635757788,0.8846825364242212,0.8759233033903181,0.38807269418490264,0.8217949323871069,0.12687223245885246,0.9359799416000741,0,1,0,0.2971542839879226
141,70500,74500,75500,0.0022046691633048,0.0026916615066435,0.0099009900990099,1.386211721973174e-05,0.0003535914700221,TransactionID:0.9900:0.0e+00;TransactionDT:0.9900:0.0e+00;D9:0.1385:8.0e-14,TransactionID:16.5786;TransactionDT:16.5715;D9:1.0533,70500.0,74500.0,75500.0,-0.0018347608499544,0.5686274509803921,0.0331300752904086,200.0,160.0,40.0,0.0081713199615478,1.3553245067596436,,0.9900990099009901,0.43137254901960786,0.2318567712538163,0.2318567712538163,0.7681432287461836,0.860554496666961,1.5819503895157876,1,0.07225942506804912,0.9277405749319508,0.9497257570673956,0.31165544433872006,0.82474703053419,0.12893915270335765,0.9407922679672118,1,1,0,0.23185677125381637
142,71000,75000,76000,0.0022209357000839,0.0023272129230192,0.0099009900990099,1.7217709703358786e-05,0.0003390079889151,TransactionID:0.9900:0.0e+00;TransactionDT:0.9900:0.0e+00;D9:0.2067:2.1e-30,TransactionID:16.5786;TransactionDT:16.5786;D9:2.6694,,,,,1.0,0.0236525520228047,,,,,,,0.9900990099009901,0.0,0.2971542839879221,0.2971542839879221,0.7028457160120779,0.6958868475367108,0.086939609108592,1,0.1153174635757788,0.8846825364242212,0.8759233033903181,0.38807269418490264,0.8206783281877428,0.12561230134255125,0.9337293993960389,0,1,0,0.2971542839879226
143,71500,75500,76500,0.0061390658583333,0.00197917685856,0.0099009900990099,2.8638765401969302e-05,0.0003692088809163,TransactionID:0.9900:0.0e+00;TransactionDT:0.9900:0.0e+00;D9:0.2117:7.1e-32,TransactionDT:16.5786;TransactionID:16.5786;D9:2.7414,,,,,1.0,0.0236525520228047,,,,,,,0.9900990099009901,0.0,0.2971542839879221,0.2971542839879221,0.7028457160120779,0.6958868475367108,0.086939609108592,1,0.1153174635757788,0.8846825364242212,0.8759233033903181,0.38807269418490264,0.8206783281877428,0.12561230134255125,0.9337293993960389,0,1,0,0.2971542839879226
144,72000,76000,77000,0.002000083960193,0.0019886301850377,0.0099009900990099,6.499561269635468e-05,0.0004235969405772,TransactionID:0.9900:0.0e+00;TransactionDT:0.9900:0.0e+00;D9:0.1850:2.2e-24,TransactionDT:16.5786;TransactionID:16.5786;D9:0.5963,,,,,1.0,0.0236525520228047,,,,,,,0.9900990099009901,0.0,0.2971542839879221,0.2971542839879221,0.7028457160120779,0.6958868475367108,0.086939609108592,1,0.1153174635757788,0.8846825364242212,0.8759233033903181,0.38807269418490264,0.8248827600440163,0.12563195965903007,0.9379515237371433,0,1,0,0.2971542839879226
145,72500,76500,77500,0.0026968813775125,0.0023855759774291,0.0099009900990099,4.034415243492573e-05,0.0003710185574161,TransactionID:0.9900:0.0e+00;TransactionDT:0.9900:0.0e+00;D9:0.1805:3.1e-23,TransactionDT:16.5786;TransactionID:16.5786;D9:0.6085,,,,,1.0,0.0236525520228047,,,,,,,0.9900990099009901,0.0,0.2971542839879221,0.2971542839879221,0.7028457160120779,0.6958868475367108,0.086939609108592,1,0.1153174635757788,0.8846825364242212,0.8759233033903181,0.38807269418490264,0.8336419930779195,0.12117224545070132,0.9426970139835508,0,1,0,0.2971542839879226
146,73000,77000,78000,0.0021131397663676,0.0023691031188189,0.0099009900990099,4.205402097694266e-05,0.0003851207363378,TransactionID:0.9900:0.0e+00;TransactionDT:0.9900:0.0e+00;D9:0.1605:2.0e-18,TransactionID:16.5786;TransactionDT:16.5786;D9:3.9739,,,,,1.0,0.0236525520228047,,,,,,,0.9900990099009901,0.0,0.2971542839879221,0.2971542839879221,0.7028457160120779,0.6958868475367108,0.086939609108592,1,0.1153174635757788,0.8846825364242212,0.8759233033903181,0.38807269418490264,0.8532626750738627,0.07957788099688035,0.924882767971055,0,1,0,0.2971542839879226
147,73500,77500,78500,0.0019427271162446,0.0023083629861789,0.0099009900990099,2.7265929327064952e-05,0.0003831255550095,TransactionID:0.9900:0.0e+00;TransactionDT:0.9900:0.0e+00;D9:0.1920:3.0e-26,TransactionDT:16.5786;TransactionID:16.5786;D9:2.0855,,,,,1.0,0.0236525520228047,,,,,,,0.9900990099009901,0.0,0.2971542839879221,0.2971542839879221,0.7028457160120779,0.6958868475367108,0.086939609108592,1,0.1153174635757788,0.8846825364242212,0.8759233033903181,0.38807269418490264,0.8658759706426832,0.05261001517437324,0.9132249842996191,0,1,0,0.2971542839879226
148,74000,78000,79000,0.0028171313104272,0.0021959068799318,0.0099009900990099,7.557401013766007e-05,0.0004678256430528,TransactionID:0.9900:0.0e+00;TransactionDT:0.9900:0.0e+00;D9:0.2362:1.2e-39,TransactionID:16.5786;TransactionDT:16.5786;D9:2.0548,,,,,1.0,0.0236525520228047,,,,,,,0.9900990099009901,0.0,0.2971542839879221,0.2971542839879221,0.7028457160120779,0.6958868475367108,0.086939609108592,1,0.1153174635757788,0.8846825364242212,0.8759233033903181,0.38807269418490264,0.8658759706426832,0.05261001517437324,0.9132249842996191,0,1,0,0.2971542839879226
149,74500,78500,79500,0.0024706779172372,0.0024836897895319,0.0198019801980198,1.1534264975683327e-05,0.0004308023995671,TransactionID:0.9900:0.0e+00;TransactionDT:0.9900:0.0e+00;D9:0.2592:9.2e-48,TransactionID:16.5786;TransactionDT:16.5786;D9:2.0473,74500.0,78500.0,79500.0,0.0064182085818391,0.2156862745098039,0.0480132130083996,200.0,160.0,40.0,0.0083801746368408,1.3544423580169678,,0.9801980198019802,0.7843137254901961,0.1723745243929128,0.1723745243929128,0.8276254756070871,0.946432557733945,2.3616337564293124,1,0.04103294757688953,0.9589670524231104,0.9721603098223487,0.2380453127943574,0.8697254508999644,0.05657571628161012,0.9206435955534136,1,1,0,0.17237452439291287
